Rank,Name,Server,Region,Date,Duration,ReportID,ReportLink,HPS,HasteSummary,HasteGear,Spirit,Intellect,TotalHealers,nDruid,nPaladin,nHPriest,nDPriest,nShaman,RaidDamageTakenPerSecond,VampiricTouch,InnervateCount,Bloodlust,NaturesGrace,Trinket1,Trinket2,LifebloomUptime,LifebloomHPS,LifebloomPercentHPS,RejuvenationHPS,RejuvenationPercentHPS,RegrowthHPS,RegrowthPercentHPS,Rotation1,Rotation1Percent,Rotation2,Rotation2Percent,TankRotationPercent,RotatingOnTank
1,氢硫化钠,奥罗,CN,2022-07-18 07:59:32,4m 24s,ZgMwBWX6rc1TzvnV,https://classic.warcraftlogs.com/reports/ZgMwBWX6rc1TzvnV?fight=18&source=21&type=healing,3003.93,488,488,691,660,6,1,1,0,1,3,8530.16,Yes,3,Yes,Yes,Redeemer's Alchemist Stone,Shifting Naaru Sliver,42.07,242.29,8.07,19.77,0.66,2455.86,81.75,[0LB 0I 5RG],32.35,[0LB 1I 4RG],26.47,5.88,No
2,阿基蕾拉,碧空之歌,CN,2022-08-04 07:27:41,4m 56s,FkGQYpjM1TmbfqWa,https://classic.warcraftlogs.com/reports/FkGQYpjM1TmbfqWa?fight=12&source=8&type=healing,2917.1,315,315,819,675,6,1,1,0,1,3,7402.02,Yes,3,No,Yes,Glimmering Naaru Sliver,Redeemer's Alchemist Stone,30.48,218.91,7.5,34.41,1.18,2503.16,85.81,[0LB 0I 5RG],47.62,[0LB 1I 4RG],19.05,11.9,No
3,阿斯塔,沙顶,CN,2022-07-29 06:59:19,4m 3s,yDcbN1gwk4dY9rQ8,https://classic.warcraftlogs.com/reports/yDcbN1gwk4dY9rQ8?fight=8&source=13&type=healing,2873.2,0,0,0,0,6,1,2,0,1,2,8214.05,Yes,1,Yes,Yes,,,47.77,264.71,9.21,5.28,0.18,2391.73,83.24,[0LB 0I 5RG],25.71,[0LB 2I 3RG],17.14,20.0,No
4,四大名补无情,辛洛斯,CN,2022-07-22 08:40:21,4m 36s,cPMrfQpTXmh29Vn7,https://classic.warcraftlogs.com/reports/cPMrfQpTXmh29Vn7?fight=18&source=30&type=healing,2746.08,449,449,779,655,7,1,1,1,1,3,8730.37,Yes,2,Yes,Yes,Glimmering Naaru Sliver,Shifting Naaru Sliver,69.17,460.54,16.77,34.26,1.25,1975.54,71.94,[0LB 0I 5RG],22.73,[0LB 3I 2RG],15.91,13.64,No
5,尔丶晴,辛迪加,CN,2022-08-10 09:02:27,3m 46s,gzP4X3ydQMjnLa1H,https://classic.warcraftlogs.com/reports/gzP4X3ydQMjnLa1H?fight=14&source=11&type=healing,2675.75,0,0,0,0,5,1,0,0,1,3,9295.22,Yes,1,No,Yes,,,88.87,869.39,32.49,44.32,1.66,1431.53,53.5,[0LB 1I 4RG],19.44,[0LB 2I 3RG],16.67,30.56,No
6,一杯马爹利,雷霆之击,CN,2022-08-19 07:04:04,5m 37s,ZRYCGfKTJqjvh9aM,https://classic.warcraftlogs.com/reports/ZRYCGfKTJqjvh9aM?fight=12&source=2&type=healing,2659.4,329,329,852,668,6,1,1,0,2,2,7837.88,Yes,3,No,Yes,Redeemer's Alchemist Stone,Essence of the Martyr,69.69,480.58,18.07,65.1,2.45,1926.19,72.43,[0LB 1I 4RG],18.87,[0LB 2I 3RG],18.87,18.87,No
7,Yikoxd,维希度斯,CN,2022-06-16 08:03:59,5m 20s,JK3xpr6ndTGQbVqc,https://classic.warcraftlogs.com/reports/JK3xpr6ndTGQbVqc?fight=5&source=18&type=healing,2588.13,215,215,664,678,7,1,1,1,1,3,8728.42,No,2,Yes,No,Essence of the Martyr,Redeemer's Alchemist Stone,59.1,270.3,10.44,131.09,5.07,1911.91,73.87,[0LB 1I 4RG],14.58,[0LB 2I 3RG],14.58,33.33,No
9,夕林挽歌,灰烬使者,CN,2022-07-01 07:30:36,4m 37s,Tpga7kR2wm3xBd8N,https://classic.warcraftlogs.com/reports/Tpga7kR2wm3xBd8N?fight=28&source=5&type=healing,2512.91,270,270,752,667,7,2,1,0,1,3,8476.72,Yes,3,Yes,Yes,Essence of the Martyr,Memento of Tyrande,55.17,205.41,8.17,0,0.0,2042.07,81.26,[0LB 1I 4RG],27.5,[0LB 0I 5RG],22.5,12.5,No
10,至暗磷青,席瓦莱恩,CN,2022-08-04 09:07:35,5m 11s,XqA8PyvcxNdjarM9,https://classic.warcraftlogs.com/reports/XqA8PyvcxNdjarM9?fight=10&source=31&type=healing,2504.97,347,347,583,654,6,1,1,1,1,2,8681.44,Yes,2,Yes,Yes,Direbrew Hops,Essence of the Martyr,53.94,194.18,7.75,94.27,3.76,1974.79,78.83,[0LB 1I 4RG],28.89,[0LB 2I 3RG],15.56,26.67,No
11,阿尔忒弥斯丶,范沃森,CN,2022-07-25 08:00:36,4m 32s,4w2QdDpFHkjvKz8M,https://classic.warcraftlogs.com/reports/4w2QdDpFHkjvKz8M?fight=38&source=9&type=healing,2491.64,337,337,751,649,6,1,1,0,1,3,7742.93,Yes,2,Yes,Yes,Redeemer's Alchemist Stone,Darkmoon Card: Blue Dragon,82.75,653.32,26.22,92.29,3.7,1570.22,63.02,[0LB 2I 3RG],18.6,[0LB 0I 5RG],13.95,23.26,No
12,鱼的眼泪,碧空之歌,CN,2022-08-11 07:00:09,4m 59s,3LkgTcJNPjKnqmhV,https://classic.warcraftlogs.com/reports/3LkgTcJNPjKnqmhV?fight=19&source=5&type=healing,2485.68,301,301,631,660,6,2,1,1,0,2,8976.56,Yes,2,Yes,Yes,Redeemer's Alchemist Stone,Darkmoon Card: Blue Dragon,24.88,76.82,3.09,3.41,0.14,2226.6,89.58,[0LB 0I 5RG],36.11,[0LB 1I 4RG],33.33,8.33,No
13,德小梦,审判,CN,2022-08-15 07:35:09,5m 21s,HKhAmGYfN8FQPjZc,https://classic.warcraftlogs.com/reports/HKhAmGYfN8FQPjZc?fight=8&source=6&type=healing,2485.08,332,332,760,689,7,1,2,1,0,3,7457.16,Yes,2,No,Yes,Redeemer's Alchemist Stone,Memento of Tyrande,75.53,330.43,13.3,772.41,31.08,1186.25,47.73,[1LB 4I 0RG],9.43,[0LB 5I 0RG],9.43,49.06,No
14,业余杨老师,艾隆纳亚,CN,2022-08-06 07:19:58,5m 51s,wJzdND7t48GfV6mZ,https://classic.warcraftlogs.com/reports/wJzdND7t48GfV6mZ?fight=10&source=54&type=healing,2437.71,352,352,636,667,7,1,2,1,0,3,10055.27,Yes,0,No,No,Glimmering Naaru Sliver,Redeemer's Alchemist Stone,93.62,1201.82,49.3,154.74,6.35,853.51,35.01,[1LB 4I 0RG],10.17,[0LB 4I 1RG],10.17,47.46,No
15,恩毕,奥罗,CN,2022-06-16 06:41:36,4m 43s,AKr2gZ4tqzFn3YQJ,https://classic.warcraftlogs.com/reports/AKr2gZ4tqzFn3YQJ?fight=12&source=2&type=healing,2417.27,339,339,721,656,5,1,1,0,1,2,9223.89,Yes,1,Yes,Yes,Memento of Tyrande,Redeemer's Alchemist Stone,96.38,989.46,40.93,191.38,7.92,1038.88,42.98,[0LB 2I 3RG],22.92,[0LB 4I 1RG],20.83,27.08,No
16,帅的刚刚好,维希度斯,CN,2022-07-31 06:57:16,4m 48s,AP8drB42KHh3v67b,https://classic.warcraftlogs.com/reports/AP8drB42KHh3v67b?fight=10&source=27&type=healing,2416.65,200,200,683,671,6,1,1,1,0,3,9010.24,Yes,1,No,Yes,Memento of Tyrande,Scarab of the Infinite Cycle,97.28,733.88,30.37,237.0,9.81,1162.56,48.11,[1LB 2I 1RG],12.0,[0LB 3I 2RG],12.0,60.0,No
17,优秀工具人丶,维克尼拉斯,CN,2022-06-25 07:36:21,4m 11s,YM7r8W3jtpdfhanA,https://classic.warcraftlogs.com/reports/YM7r8W3jtpdfhanA?fight=23&source=18&type=healing,2404.86,277,277,662,613,6,2,1,1,1,1,8864.43,Yes,2,Yes,Yes,Essence of the Martyr,Direbrew Hops,71.09,365.48,15.2,0.0,0.0,1872.17,77.85,[1LB 0I 2RG],15.56,[1LB 0I 3RG],11.11,66.67,No
18,Kolamoli,Gehennas,EU,2022-07-30 22:04:15,4m 32s,zbYFPrg1jh4AVxdw,https://classic.warcraftlogs.com/reports/zbYFPrg1jh4AVxdw?fight=21&source=25&type=healing,2392.88,264,264,612,656,6,1,1,0,1,3,9554.66,No,0,No,No,Redeemer's Alchemist Stone,Essence of the Martyr,99.12,1649.59,68.94,216.32,9.04,273.26,11.42,[0LB 4I 1RG],26.19,[0LB 5I 0RG],19.05,40.48,No
19,我是小熊,辛迪加,CN,2022-08-16 08:16:06,4m 48s,JaAjZCY9cHdwBM3n,https://classic.warcraftlogs.com/reports/JaAjZCY9cHdwBM3n?fight=2&source=19&type=healing,2392.26,0,0,0,0,5,1,0,0,1,3,8453.18,Yes,1,No,Yes,,,97.85,864.8,36.15,53.25,2.23,1183.59,49.48,[0LB 2I 3RG],14.29,[1LB 2I 1RG],10.2,46.94,No
21,卿丶小蛮,安娜丝塔丽,CN,2022-08-05 09:01:18,4m 43s,zMWCmtaBV3TrJPcN,https://classic.warcraftlogs.com/reports/zMWCmtaBV3TrJPcN?fight=9&source=10&type=healing,2382.98,363,363,662,644,6,1,2,0,1,2,8785.42,Yes,3,Yes,Yes,Redeemer's Alchemist Stone,Darkmoon Card: Blue Dragon,36.61,137.65,5.78,41.28,1.73,2132.19,89.48,[0LB 0I 5RG],46.51,[0LB 1I 4RG],11.63,18.6,No
22,我开组行不行,光芒,CN,2022-07-08 09:32:36,4m 59s,CFN68vbLWYdQ4hzf,https://classic.warcraftlogs.com/reports/CFN68vbLWYdQ4hzf?fight=22&source=8&type=healing,2381.66,0,0,0,0,7,1,1,0,2,3,8640.62,Yes,2,Yes,Yes,,,80.74,319.82,13.43,11.29,0.47,1812.74,76.11,[0LB 2I 3RG],32.56,[0LB 1I 4RG],18.6,13.95,No
23,英雄啊饶命,奎尔塞拉,CN,2022-06-30 06:15:16,4m 42s,CWTDdJcFPZ7kKa3q,https://classic.warcraftlogs.com/reports/CWTDdJcFPZ7kKa3q?fight=12&source=15&type=healing,2381.08,355,355,741,682,6,1,1,0,1,3,9746.5,Yes,0,Yes,Yes,Memento of Tyrande,Darkmoon Card: Blue Dragon,99.45,1479.5,62.14,179.25,7.53,590.7,24.81,[1LB 3I 1RG],17.02,[0LB 4I 1RG],12.77,70.21,Yes
24,Yikond,维希度斯,CN,2022-07-24 01:03:25,5m 8s,61HWw8PyRKBvjfVt,https://classic.warcraftlogs.com/reports/61HWw8PyRKBvjfVt?fight=14&source=64&type=healing,2378.74,312,312,683,669,6,1,1,1,1,2,8375.1,Yes,2,No,No,Redeemer's Alchemist Stone,Memento of Tyrande,17.41,86.5,3.64,28.89,1.21,2033.96,85.51,[0LB 0I 5RG],32.5,[0LB 1I 4RG],30.0,17.5,No
26,祭水,雷德,CN,2022-08-11 07:49:21,4m 23s,9AXGV6cjPwCRWqh2,https://classic.warcraftlogs.com/reports/9AXGV6cjPwCRWqh2?fight=11&source=1&type=healing,2369.45,429,429,777,663,6,1,1,0,1,3,8333.33,Yes,1,Yes,Yes,Essence of the Martyr,Redeemer's Alchemist Stone,88.69,644.9,27.22,255.72,10.79,1266.27,53.44,[0LB 1I 1RG],16.92,[0LB 1I 2RG],15.38,15.38,No
27,缺德的组,加丁,CN,2022-07-21 07:33:47,4m 20s,dNWwAPjDrB1KQZty,https://classic.warcraftlogs.com/reports/dNWwAPjDrB1KQZty?fight=20&source=8&type=healing,2363.57,351,351,805,671,6,1,1,1,1,2,9251.43,No,2,Yes,Yes,Redeemer's Alchemist Stone,Darkmoon Card: Blue Dragon,96.14,678.46,28.7,312.6,13.23,963.23,40.75,[0LB 2I 3RG],16.67,[0LB 4I 1RG],14.29,33.33,No
28,艾利西妲,娅尔罗,CN,2022-07-15 07:59:15,4m 24s,cVJwFmKqfj63HLry,https://classic.warcraftlogs.com/reports/cVJwFmKqfj63HLry?fight=24&source=9&type=healing,2362.91,367,367,618,673,6,1,1,0,1,3,7219.5,Yes,1,No,Yes,Redeemer's Alchemist Stone,Darkmoon Card: Blue Dragon,61.84,416.17,17.61,344.38,14.57,1438.89,60.89,[0LB 2I 3RG],27.03,[0LB 1I 4RG],16.22,24.32,No
29,大白兔生了,维希度斯,CN,2022-08-12 07:47:46,3m 50s,2mgr4YcR6pGCdnqt,https://classic.warcraftlogs.com/reports/2mgr4YcR6pGCdnqt?fight=22&source=11&type=healing,2349.23,385,385,761,667,6,1,1,1,1,2,9277.31,Yes,2,No,Yes,Glimmering Naaru Sliver,Memento of Tyrande,69.56,407.24,17.34,396.05,16.86,1290.42,54.93,[0LB 2I 3RG],45.71,[0LB 3I 2RG],11.43,11.43,No
30,香蕉马库斯,法尔班克斯,CN,2022-08-12 09:05:46,4m 21s,N2wrgA31dmyWHjTG,https://classic.warcraftlogs.com/reports/N2wrgA31dmyWHjTG?fight=10&source=5&type=healing,2347.11,493,493,691,651,6,1,1,0,1,3,9329.0,Yes,1,Yes,No,Direbrew Hops,Battlemaster's Alacrity,98.99,1045.98,44.56,346.26,14.75,719.87,30.67,[0LB 3I 2RG],30.95,[0LB 4I 1RG],26.19,21.43,No
31,荷西,寒脊山小径,CN,2022-07-21 22:27:44,5m 11s,VFBhMc3YLy74PHQm,https://classic.warcraftlogs.com/reports/VFBhMc3YLy74PHQm?fight=4&source=20&type=healing,2346.11,319,319,751,675,6,1,1,0,1,3,8704.27,Yes,2,No,Yes,Glimmering Naaru Sliver,Redeemer's Alchemist Stone,84.17,711.9,30.34,99.21,4.23,1360.71,58.0,[0LB 2I 1RG],20.97,[0LB 1I 3RG],12.9,29.03,No
32,小珉小德,维希度斯,CN,2022-07-08 09:49:56,4m 59s,DQZwBrzgAKyY1PRh,https://classic.warcraftlogs.com/reports/DQZwBrzgAKyY1PRh?fight=11&source=13&type=healing,2345.84,231,231,641,633,6,1,1,1,1,2,8482.04,No,2,No,No,Battlemaster's Perseverance,Memento of Tyrande,88.1,581.58,24.79,440.44,18.78,902.53,38.47,[1LB 1I 2RG],18.75,[0LB 3I 2RG],8.33,52.08,No
33,缺德喊我,比格沃斯,CN,2022-08-17 23:44:45,5m 0s,qv8fKcC3nVJ9QRTz,https://classic.warcraftlogs.com/reports/qv8fKcC3nVJ9QRTz?fight=10&source=22&type=healing,2323.32,422,422,683,650,6,1,1,1,1,2,7610.79,Yes,1,No,Yes,Memento of Tyrande,Redeemer's Alchemist Stone,99.27,1024.16,44.08,174.65,7.52,711.42,30.62,[1LB 4I 0RG],19.61,[0LB 4I 1RG],13.73,58.82,No
34,糖糖哒唔,匕首岭,CN,2022-08-11 00:25:35,3m 50s,V379q1azZTAd6kCR,https://classic.warcraftlogs.com/reports/V379q1azZTAd6kCR?fight=11&source=13&type=healing,2318.81,494,494,717,667,5,1,1,1,0,2,9662.71,No,2,No,Yes,Memento of Tyrande,Redeemer's Alchemist Stone,85.57,887.99,38.3,130.05,5.61,1113.16,48.01,[0LB 2I 3RG],19.51,[0LB 3I 2RG],9.76,34.15,No
35,汤圆巴巴,布鲁,CN,2022-08-12 07:22:07,5m 37s,Z64th9rbXgKqHfnx,https://classic.warcraftlogs.com/reports/Z64th9rbXgKqHfnx?fight=8&source=5&type=healing,2306.75,371,371,850,672,7,1,1,1,1,3,9612.89,Yes,2,No,Yes,Redeemer's Alchemist Stone,Memento of Tyrande,80.45,479.93,20.81,162.18,7.03,1440.68,62.45,[0LB 3I 2RG],19.23,[0LB 1I 4RG],15.38,34.62,No
36,Raletzu,Firemaw,EU,2022-07-25 13:34:05,4m 43s,bcfJaw2QxFLAnZy8,https://classic.warcraftlogs.com/reports/bcfJaw2QxFLAnZy8?fight=23&source=11&type=healing,2305.92,259,259,662,643,6,1,1,1,0,3,8329.02,Yes,1,No,Yes,Direbrew Hops,Essence of the Martyr,95.45,1084.73,47.04,82.21,3.57,1091.41,47.33,[1LB 1I 2RG],22.73,[1LB 2I 1RG],20.45,72.73,Yes
37,鶺鴒鳥,维希度斯,CN,2022-07-31 07:52:26,5m 51s,V6g4AQcD81Gf3Kk2,https://classic.warcraftlogs.com/reports/V6g4AQcD81Gf3Kk2?fight=16&source=42&type=healing,2304.27,369,369,755,672,6,1,1,1,0,3,9871.88,Yes,1,No,Yes,Glimmering Naaru Sliver,Redeemer's Alchemist Stone,97.06,870.54,37.78,173.11,7.51,991.04,43.01,[1LB 3I 1RG],18.33,[1LB 2I 1RG],8.33,71.67,Yes
38,德哩德气,龙之召唤,CN,2022-07-04 09:08:13,3m 46s,q46fYV1ZrcDHKtd3,https://classic.warcraftlogs.com/reports/q46fYV1ZrcDHKtd3?fight=14&source=10&type=healing,2302.69,231,231,596,673,5,1,1,1,0,2,8644.37,Yes,2,Yes,Yes,Direbrew Hops,Alchemist Stone,22.18,41.42,1.8,450.98,19.58,1750.88,76.04,[0LB 1I 4RG],33.33,[0LB 3I 2RG],13.33,6.67,No
39,Faìry,埃提耶什,CN,2022-06-23 00:57:03,5m 58s,6xWNyGbCJkKqrn9Q,https://classic.warcraftlogs.com/reports/6xWNyGbCJkKqrn9Q?fight=14&source=15&type=healing,2294.65,399,399,645,623,8,1,2,1,1,3,10461.56,Yes,2,No,Yes,Redeemer's Alchemist Stone,Darkmoon Card: Blue Dragon,87.21,818.41,35.67,297.03,12.94,930.34,40.54,[0LB 3I 2RG],23.33,[0LB 4I 1RG],18.33,25.0,No
40,青鸦垂羽,席瓦莱恩,CN,2022-06-12 08:45:21,6m 9s,P9qgtTX3xhcHGBfb,https://classic.warcraftlogs.com/reports/P9qgtTX3xhcHGBfb?fight=24&source=14&type=healing,2294.12,265,265,541,576,8,1,2,1,1,3,9243.3,Yes,1,No,No,Lower City Prayerbook,Essence of the Martyr,82.95,609.04,26.55,64.99,2.83,1177.11,51.31,[0LB 4I 1RG],13.21,[1LB 2I 1RG],9.43,22.64,No
41,毛毛姐,德姆塞卡尔,CN,2022-07-02 07:21:32,4m 2s,yLCWk2wf8p4nFtVA,https://classic.warcraftlogs.com/reports/yLCWk2wf8p4nFtVA?fight=11&source=24&type=healing,2291.91,272,272,718,715,6,1,1,0,1,3,8005.94,No,2,No,Yes,Memento of Tyrande,Scarab of the Infinite Cycle,88.96,497.5,21.71,0,0.0,1554.94,67.84,[1LB 0I 3RG],13.51,[1LB 1I 3RG],10.81,45.95,No
42,输出我不太会,辛迪加,CN,2022-07-30 07:08:38,4m 28s,C2896Zh1BMvXcmAa,https://classic.warcraftlogs.com/reports/C2896Zh1BMvXcmAa?fight=13&source=41&type=healing,2289.99,343,343,690,691,6,1,1,0,1,3,8001.8,Yes,1,No,Yes,Essence of the Martyr,Redeemer's Alchemist Stone,81.52,532.22,23.24,151.46,6.61,1459.5,63.73,[0LB 2I 3RG],13.95,[1LB 0I 3RG],11.63,48.84,No
43,胆儿筱,审判,CN,2022-07-26 07:43:59,4m 48s,28ybJaCtdNvBY9mn,https://classic.warcraftlogs.com/reports/28ybJaCtdNvBY9mn?fight=6&source=14&type=healing,2287.23,283,283,691,666,6,1,1,0,1,3,8957.6,Yes,1,No,Yes,Darkmoon Card: Blue Dragon,Redeemer's Alchemist Stone,95.41,789.16,34.5,221.59,9.69,986.72,43.14,[0LB 4I 1RG],20.93,[0LB 3I 2RG],16.28,32.56,No
44,明明,维克洛尔,CN,2022-07-07 08:08:21,5m 17s,LrcJPpvAhzH914gX,https://classic.warcraftlogs.com/reports/LrcJPpvAhzH914gX?fight=21&source=49&type=healing,2285.09,272,272,820,663,7,2,1,0,1,3,8563.74,Yes,3,No,Yes,Redeemer's Alchemist Stone,Memento of Tyrande,5.92,6.07,0.27,70.77,3.1,2095.02,91.68,[0LB 0I 5RG],50.0,[0LB 1I 4RG],27.5,5.0,No
45,台式排骨大王,卓越,CN,2022-06-27 08:24:24,5m 3s,bYf2KxVCN1R3dT8m,https://classic.warcraftlogs.com/reports/bYf2KxVCN1R3dT8m?fight=14&source=6&type=healing,2279.33,329,329,766,678,6,1,1,0,1,3,7691.97,Yes,2,No,Yes,Memento of Tyrande,Redeemer's Alchemist Stone,52.41,245.97,10.79,158.51,6.95,1633.75,71.68,[0LB 1I 4RG],18.75,[0LB 1I 3RG],14.58,20.83,No
46,小托马斯,雷德,CN,2022-08-07 06:25:17,4m 8s,tT6cFKC42BfvLMq3,https://classic.warcraftlogs.com/reports/tT6cFKC42BfvLMq3?fight=15&source=16&type=healing,2277.92,298,298,743,675,6,1,1,1,1,2,8953.64,Yes,1,No,Yes,Memento of Tyrande,Redeemer's Alchemist Stone,72.72,351.4,15.43,248.04,10.89,1441.42,63.28,[0LB 1I 3RG],17.78,[0LB 2I 2RG],15.56,22.22,No
47,Faya,布鲁,CN,2022-08-19 07:30:45,4m 54s,FJtazpwkny31XMCY,https://classic.warcraftlogs.com/reports/FJtazpwkny31XMCY?fight=3&source=13&type=healing,2277.64,387,387,803,696,6,1,1,0,1,3,8570.89,Yes,1,No,No,Memento of Tyrande,Redeemer's Alchemist Stone,57.63,224.62,9.86,731.03,32.1,1231.4,54.06,[0LB 3I 2RG],23.91,[0LB 2I 3RG],19.57,26.09,No
48,无敌黑妈,寒冰之王,CN,2022-07-10 07:25:11,4m 58s,MfG7ABVDwL6Y2Rct,https://classic.warcraftlogs.com/reports/MfG7ABVDwL6Y2Rct?fight=29&source=59&type=healing,2272.83,0,0,0,0,6,1,1,1,1,2,8012.47,No,1,No,No,,,79.88,629.99,27.72,55.23,2.43,1302.01,57.29,[0LB 3I 2RG],29.17,[1LB 1I 0RG],8.33,29.17,No
49,影渡寒德,席瓦莱恩,CN,2022-08-06 06:35:26,5m 33s,wNTh9nKtvHP38gFf,https://classic.warcraftlogs.com/reports/wNTh9nKtvHP38gFf?fight=15&source=128&type=healing,2268.17,0,0,0,0,7,1,1,1,1,3,8721.97,Yes,1,No,No,,,94.88,971.3,42.82,410.17,18.08,712.51,31.41,[0LB 3I 2RG],30.61,[0LB 4I 1RG],28.57,18.37,No
50,周湿傅,黑曜石之锋,CN,2022-07-14 06:52:45,4m 39s,RhHxmTa8BgVnZ3Cr,https://classic.warcraftlogs.com/reports/RhHxmTa8BgVnZ3Cr?fight=18&source=17&type=healing,2264.95,352,352,813,677,6,1,1,0,1,3,8777.66,Yes,1,No,Yes,Redeemer's Alchemist Stone,Essence of the Martyr,96.61,955.27,42.18,189.1,8.35,934.04,41.24,[0LB 3I 2RG],22.73,[0LB 4I 1RG],20.45,20.45,No
52,贼难受,龙之召唤,CN,2022-08-24 08:34:55,5m 37s,h6tHpQmnCVcvL8RB,https://classic.warcraftlogs.com/reports/h6tHpQmnCVcvL8RB?fight=6&source=1&type=healing,2251.96,323,323,709,650,6,1,1,1,1,2,8825.39,Yes,1,No,Yes,Redeemer's Alchemist Stone,Memento of Tyrande,97.7,1274.98,56.62,266.18,11.82,595.74,26.45,[0LB 4I 1RG],16.98,[1LB 3I 0RG],15.09,60.38,No
53,安瑟与穆莎,灰烬使者,CN,2022-07-22 06:33:48,5m 17s,PrkhfpT7KD86FGzx,https://classic.warcraftlogs.com/reports/PrkhfpT7KD86FGzx?fight=9&source=20&type=healing,2251.06,0,0,0,0,6,1,1,0,1,3,8459.68,Yes,1,No,No,,,93.8,1041.1,46.25,432.42,19.21,647.13,28.75,[0LB 3I 2RG],16.33,[0LB 5I 0RG],16.33,24.49,No
54,呆萌德,维希度斯,CN,2022-07-07 07:30:27,4m 36s,LYQ6PjtFzKT43a9v,https://classic.warcraftlogs.com/reports/LYQ6PjtFzKT43a9v?fight=15&source=1&type=healing,2250.26,349,349,800,663,6,1,1,0,1,3,9648.1,Yes,2,Yes,Yes,Direbrew Hops,Redeemer's Alchemist Stone,86.28,446.16,19.83,301.3,13.39,1214.14,53.96,[0LB 2I 3RG],30.23,[0LB 3I 2RG],25.58,18.6,No
55,Kalvron,Mirage Raceway,EU,2022-07-08 13:51:05,5m 28s,jZTxWm9K2HBfVgYa,https://classic.warcraftlogs.com/reports/jZTxWm9K2HBfVgYa?fight=16&source=22&type=healing,2247.67,267,267,732,663,7,1,1,1,0,4,9573.32,Yes,0,No,No,Essence of the Martyr,Memento of Tyrande,93.15,697.62,31.04,604.07,26.88,706.95,31.45,[0LB 5I 0RG],16.67,[0LB 3I 2RG],16.67,37.04,No
56,天黑的趴趴,审判,CN,2022-07-03 06:38:11,5m 40s,T1N6GKYrm4CwXtnq,https://classic.warcraftlogs.com/reports/T1N6GKYrm4CwXtnq?fight=5&source=4&type=healing,2246.6,186,186,740,652,7,1,1,1,1,3,8321.18,Yes,1,No,Yes,Scarab of the Infinite Cycle,Darkmoon Card: Blue Dragon,90.89,756.0,33.65,270.48,12.04,1043.81,46.46,[0LB 3I 2RG],36.0,[0LB 4I 1RG],18.0,20.0,No
57,酒醒三分醉,黑曜石之锋,CN,2022-07-09 07:31:25,4m 55s,zwLjr6CxnRHpFJdZ,https://classic.warcraftlogs.com/reports/zwLjr6CxnRHpFJdZ?fight=20&source=21&type=healing,2242.62,242,242,681,647,6,1,1,0,1,3,8843.38,Yes,1,No,Yes,Redeemer's Alchemist Stone,Memento of Tyrande,99.29,1243.41,55.44,147.71,6.59,564.99,25.19,[0LB 4I 1RG],22.73,[0LB 3I 2RG],22.73,27.27,No
58,丨照美冥丨,帕奇维克,CN,2022-06-23 07:05:28,5m 6s,vK6nthxC42NGWgRy,https://classic.warcraftlogs.com/reports/vK6nthxC42NGWgRy?fight=7&source=4&type=healing,2241.23,341,341,747,632,6,1,1,0,1,3,8716.33,No,2,Yes,Yes,Essence of the Martyr,Memento of Tyrande,86.7,491.71,21.94,172.18,7.68,1400.58,62.49,[0LB 2I 3RG],22.92,[0LB 1I 4RG],12.5,29.17,No
59,瞌睡丶丶,火锤,CN,2022-07-26 07:30:55,5m 39s,8jmcBQfWz3qTCaNX,https://classic.warcraftlogs.com/reports/8jmcBQfWz3qTCaNX?fight=12&source=6&type=healing,2241.0,312,312,770,683,6,1,1,0,1,3,8804.28,Yes,2,Yes,Yes,Memento of Tyrande,Redeemer's Alchemist Stone,82.0,510.64,22.79,329.77,14.72,1106.23,49.36,[0LB 3I 2RG],21.43,[0LB 2I 3RG],21.43,17.86,No
60,Лайфблумер,Пламегор,EU,2022-07-29 12:47:38,4m 58s,1c2YTbgAKMGDJn84,https://classic.warcraftlogs.com/reports/1c2YTbgAKMGDJn84?fight=18&source=12&type=healing,2240.0,293,293,657,688,6,1,1,0,1,3,9211.55,No,1,No,No,Redeemer's Alchemist Stone,Scarab of the Infinite Cycle,93.76,767.61,34.27,140.99,6.29,1066.67,47.62,[0LB 2I 3RG],21.43,[0LB 3I 2RG],19.05,16.67,No
61,Aliisza,Azuresong,US,2022-08-23 20:51:59,3m 56s,LrfgdqxhpP8w19W4,https://classic.warcraftlogs.com/reports/LrfgdqxhpP8w19W4?fight=9&source=29&type=healing,2237.15,261,261,523,616,5,1,1,1,0,2,8453.96,No,1,Yes,No,Essence of the Martyr,Direbrew Hops,99.87,1685.44,75.34,143.17,6.4,66.79,2.99,[1LB 4I 0RG],53.85,[1LB 3I 0RG],17.95,97.44,Yes
62,北极熊熊,维克洛尔,CN,2022-07-09 01:50:05,5m 10s,G3rCYvNHwcBKhVLd,https://classic.warcraftlogs.com/reports/G3rCYvNHwcBKhVLd?fight=12&source=31&type=healing,2233.7,299,299,724,638,7,1,2,0,1,3,8046.78,Yes,2,No,Yes,Glimmering Naaru Sliver,Redeemer's Alchemist Stone,23.54,63.74,2.85,211.0,9.45,1796.72,80.44,[0LB 1I 4RG],26.19,[0LB 0I 5RG],23.81,11.9,No
63,祭随,雷德,CN,2022-07-07 08:08:57,4m 14s,N6142ntq8KTLzHmh,https://classic.warcraftlogs.com/reports/N6142ntq8KTLzHmh?fight=3&source=13&type=healing,2233.68,387,387,756,633,6,1,1,0,1,3,9102.34,Yes,1,Yes,Yes,Darkmoon Card: Blue Dragon,Redeemer's Alchemist Stone,87.28,545.81,24.44,116.26,5.2,1255.91,56.23,[0LB 1I 2RG],19.64,[0LB 2I 1RG],16.07,14.29,No
64,川和艾莲娜,哈霍兰,CN,2022-08-27 07:10:45,5m 8s,q9b81HprMAZCXfDj,https://classic.warcraftlogs.com/reports/q9b81HprMAZCXfDj?fight=7&source=1&type=healing,2232.45,344,344,502,594,6,1,1,0,1,3,9709.87,Yes,0,No,No,Ashtongue Talisman of Equilibrium,Redeemer's Alchemist Stone,99.39,1342.82,60.15,346.89,15.54,151.6,6.79,[1LB 4I 0RG],43.75,[1LB 3I 0RG],12.5,81.25,Yes
65,Charky,Yojamba (AU),US,2022-07-13 05:48:39,5m 2s,wpcJDz9md2QC4Lvq,https://classic.warcraftlogs.com/reports/wpcJDz9md2QC4Lvq?fight=26&source=10&type=healing,2229.85,352,272,702,669,6,1,1,2,0,2,9752.53,No,0,No,No,Redeemer's Alchemist Stone,Memento of Tyrande,99.7,1850.8,83.0,0,0.0,180.31,8.09,[1LB 3I 0RG],38.3,[1LB 4I 0RG],31.91,97.87,Yes
66,黑猪,灵风,CN,2022-08-04 00:12:39,4m 54s,yP9LzpcXHTf6Z1RM,https://classic.warcraftlogs.com/reports/yP9LzpcXHTf6Z1RM?fight=17&source=30&type=healing,2225.22,331,331,839,685,6,1,1,0,1,3,9033.4,Yes,2,No,Yes,Darkmoon Card: Blue Dragon,Redeemer's Alchemist Stone,33.77,106.35,4.78,222.32,9.99,1715.02,77.07,[0LB 1I 4RG],42.11,[0LB 2I 3RG],26.32,13.16,No
67,牛奶糖,艾隆纳亚,CN,2022-06-18 07:35:04,5m 39s,2gkMAp9vYqKr1X6W,https://classic.warcraftlogs.com/reports/2gkMAp9vYqKr1X6W?fight=14&source=11&type=healing,2224.16,235,235,747,673,6,1,1,1,1,2,9806.79,Yes,0,No,No,Eye of Gruul,Memento of Tyrande,98.52,1501.77,67.52,154.31,6.94,405.07,18.21,[1LB 3I 0RG],15.87,[1LB 2I 1RG],15.87,82.54,Yes
68,戰國丶鐵哥豪,帕奇维克,CN,2022-07-02 02:13:27,4m 59s,TaVqQDXMcv1AGL3n,https://classic.warcraftlogs.com/reports/TaVqQDXMcv1AGL3n?fight=21&source=16&type=healing,2223.01,238,238,686,668,6,1,1,0,1,3,9383.67,Yes,1,Yes,Yes,Redeemer's Alchemist Stone,Darkmoon Card: Blue Dragon,82.74,592.43,26.65,230.15,10.35,1220.72,54.91,[0LB 2I 1RG],16.42,[0LB 2I 0RG],13.43,20.9,No
69,德克士,毁灭之刃,CN,2022-07-14 07:06:37,5m 4s,A7xXQkgYa9mMWG4y,https://classic.warcraftlogs.com/reports/A7xXQkgYa9mMWG4y?fight=18&source=2&type=healing,2222.68,0,0,0,0,6,1,1,1,1,2,9344.14,Yes,0,Yes,Yes,,,99.81,1271.28,57.2,87.75,3.95,658.03,29.61,[0LB 2I 0RG],24.05,[0LB 2I 1RG],22.78,10.13,No
70,徽山轩辕青锋,审判,CN,2022-07-07 07:34:58,4m 28s,yFVpJ3DB6TmxnqjX,https://classic.warcraftlogs.com/reports/yFVpJ3DB6TmxnqjX?fight=2&source=23&type=healing,2222.02,248,248,780,684,7,1,1,1,1,3,9725.21,Yes,0,No,Yes,Glimmering Naaru Sliver,Darkmoon Card: Blue Dragon,98.97,1367.65,61.55,248.92,11.2,311.68,14.03,[0LB 5I 0RG],30.0,[0LB 4I 1RG],27.5,22.5,No
71,梦焕,骨火,CN,2022-06-23 08:07:51,4m 26s,pnGBkmHd7DWc491v,https://classic.warcraftlogs.com/reports/pnGBkmHd7DWc491v?fight=24&source=10&type=healing,2220.04,283,283,688,655,6,1,1,1,1,2,7772.85,Yes,2,Yes,Yes,Redeemer's Alchemist Stone,Memento of Tyrande,67.35,397.21,17.89,30.08,1.35,1519.34,68.44,[0LB 3I 2RG],17.5,[0LB 1I 4RG],17.5,22.5,No
72,听说挺缺德,雷霆之击,CN,2022-08-18 07:28:15,5m 37s,WXY4Lw3xzqZ2ybnp,https://classic.warcraftlogs.com/reports/WXY4Lw3xzqZ2ybnp?fight=8&source=9&type=healing,2217.49,279,279,640,672,6,1,1,0,1,3,7847.54,Yes,2,No,Yes,Lower City Prayerbook,Essence of the Martyr,89.38,814.01,36.71,61.47,2.77,1191.51,53.73,[0LB 3I 2RG],12.5,[0LB 5I 0RG],10.71,35.71,No
73,일계,로크홀라,KR,2022-05-26 23:31:20,5m 59s,Jc9CMmfVvB6zgh8F,https://classic.warcraftlogs.com/reports/Jc9CMmfVvB6zgh8F?fight=40&source=745&type=healing,0,0,0,0,0,8,1,2,2,0,3,9650.65,No,0,No,No,,,0,0,0,0,0,0.0,0,,0,,0,0,No
74,Оря,Пламегор,EU,2022-06-03 14:12:10,5m 35s,RJ2gbGPBw97hrVkd,https://classic.warcraftlogs.com/reports/RJ2gbGPBw97hrVkd?fight=28&source=4&type=healing,2216.02,252,252,612,624,6,1,1,1,1,2,9174.13,Yes,1,No,No,Memento of Tyrande,Redeemer's Alchemist Stone,79.97,641.32,28.94,278.13,12.55,1161.13,52.4,[0LB 3I 2RG],18.37,[0LB 2I 3RG],16.33,36.73,No
75,嘿哈轰哒,秩序之源,CN,2022-08-14 10:12:56,4m 8s,cBjQt6AJ2WyH3KLa,https://classic.warcraftlogs.com/reports/cBjQt6AJ2WyH3KLa?fight=16&source=13&type=healing,2213.78,256,256,807,646,6,1,0,1,1,3,9598.28,Yes,1,No,Yes,Memento of Tyrande,Redeemer's Alchemist Stone,82.08,563.85,25.47,289.04,13.06,1082.63,48.9,[0LB 3I 2RG],33.33,[0LB 2I 3RG],25.0,16.67,No
76,Energydruid,Golemagg,EU,2022-07-14 15:30:35,5m 9s,D1AcmFZWPwHpgatr,https://classic.warcraftlogs.com/reports/D1AcmFZWPwHpgatr?fight=5&source=7&type=healing,2213.37,136,136,536,620,6,1,1,1,0,3,9660.78,Yes,1,Yes,No,Essence of the Martyr,Memento of Tyrande,75.1,510.5,23.06,147.79,6.68,1317.28,59.51,[0LB 3I 2RG],13.04,[0LB 1I 4RG],13.04,47.83,No
77,啵啵球,哈霍兰,CN,2022-07-12 06:13:58,5m 7s,4kJAMX1bYRvQh6tr,https://classic.warcraftlogs.com/reports/4kJAMX1bYRvQh6tr?fight=10&source=1&type=healing,2211.17,301,301,764,684,7,1,1,1,1,3,8901.37,Yes,2,No,Yes,Memento of Tyrande,Redeemer's Alchemist Stone,92.1,676.62,30.6,243.87,11.03,1119.21,50.62,[0LB 3I 2RG],22.92,[0LB 2I 3RG],18.75,20.83,No
78,杰洛特丶萝卜,巨人追猎者,CN,2022-07-30 07:12:21,4m 39s,WLNg4bfavFXkCZBr,https://classic.warcraftlogs.com/reports/WLNg4bfavFXkCZBr?fight=9&source=26&type=healing,2205.86,262,262,662,625,6,1,1,0,1,3,7400.99,Yes,1,Yes,Yes,Direbrew Hops,Redeemer's Alchemist Stone,92.43,542.93,24.61,257.95,11.69,1247.81,56.57,[0LB 4I 1RG],13.04,[0LB 3I 2RG],10.87,43.48,No
79,陶江虎,奥罗,CN,2022-07-21 08:56:42,4m 49s,gBpHT6nNy2qwDhZv,https://classic.warcraftlogs.com/reports/gBpHT6nNy2qwDhZv?fight=13&source=7&type=healing,2201.16,339,339,722,669,6,1,1,0,2,2,9149.78,Yes,1,No,Yes,Memento of Tyrande,Redeemer's Alchemist Stone,94.37,685.99,31.16,170.11,7.73,1162.93,52.83,[0LB 2I 3RG],24.49,[0LB 3I 2RG],14.29,24.49,No
80,卑鄙的异乡人,席瓦莱恩,CN,2022-08-04 06:41:11,5m 9s,ApgPqm3ZCnTzthRc,https://classic.warcraftlogs.com/reports/ApgPqm3ZCnTzthRc?fight=2&source=10&type=healing,2200.48,0,0,0,0,6,1,1,0,1,3,8895.86,Yes,1,No,No,,,97.87,938.85,42.67,431.15,19.59,621.21,28.23,[0LB 4I 1RG],40.91,[0LB 3I 2RG],20.45,9.09,No
81,染病的树苗,厄运之槌,CN,2022-07-17 00:43:13,5m 16s,WCqX79my2LdzZb6f,https://classic.warcraftlogs.com/reports/WCqX79my2LdzZb6f?fight=18&source=19&type=healing,2197.26,231,231,455,618,6,1,1,1,0,3,9182.38,Yes,1,No,No,Redeemer's Alchemist Stone,Darkmoon Card: Blue Dragon,85.88,798.49,36.34,349.4,15.9,672.12,30.59,[0LB 4I 1RG],20.0,[0LB 3I 2RG],15.0,30.0,No
82,Mercychann,Benediction,US,2022-08-05 19:40:20,4m 51s,wX7H9RtYJ48P1cdW,https://classic.warcraftlogs.com/reports/wX7H9RtYJ48P1cdW?fight=13&source=127&type=healing,2195.88,204,204,640,651,6,1,1,2,0,2,9067.22,No,1,No,No,Memento of Tyrande,Redeemer's Alchemist Stone,99.4,1734.25,78.98,177.14,8.07,53.09,2.42,[1LB 4I 0RG],58.7,[1LB 3I 0RG],10.87,86.96,Yes
83,兽神哥斯拉,奥金斧,CN,2022-07-11 06:49:24,5m 42s,Rpktw36VGhD7PK9b,https://classic.warcraftlogs.com/reports/Rpktw36VGhD7PK9b?fight=12&source=2&type=healing,2194.64,299,299,793,709,7,1,1,1,1,3,9204.01,No,3,Yes,Yes,Memento of Tyrande,Redeemer's Alchemist Stone,15.83,38.52,1.76,241.2,10.99,1803.73,82.19,[0LB 1I 4RG],35.56,[0LB 2I 3RG],24.44,4.44,No
85,林奚,寒冰之王,CN,2022-07-28 06:42:33,4m 12s,R8QwhKMn2cmF34aG,https://classic.warcraftlogs.com/reports/R8QwhKMn2cmF34aG?fight=7&source=10&type=healing,2190.79,0,0,0,0,6,1,1,0,1,3,9304.98,Yes,1,No,Yes,,,99.65,942.04,43.0,89.54,4.09,977.51,44.62,[1LB 2I 1RG],15.56,[1LB 3I 0RG],11.11,91.11,Yes
86,半壶纱丶,莫格莱尼,CN,2022-08-04 06:16:00,5m 39s,w6GrCJy9A3hWmqtY,https://classic.warcraftlogs.com/reports/w6GrCJy9A3hWmqtY?fight=10&source=113&type=healing,2189.38,276,276,693,696,7,1,1,1,1,3,8654.99,Yes,1,No,Yes,Redeemer's Alchemist Stone,Bangle of Endless Blessings,78.5,239.35,10.93,0,0.0,1734.47,79.22,[0LB 2I 3RG],34.78,[0LB 3I 2RG],19.57,10.87,No
87,白绒马,雷德,CN,2022-07-15 08:56:08,5m 35s,cTMtv8JhgWDkb6fV,https://classic.warcraftlogs.com/reports/cTMtv8JhgWDkb6fV?fight=14&source=38&type=healing,2189.35,298,298,648,683,7,1,1,1,1,3,9037.16,Yes,1,No,No,Direbrew Hops,Memento of Tyrande,74.1,609.54,27.84,79.38,3.63,1319.31,60.26,[0LB 2I 3RG],22.22,[0LB 3I 2RG],13.33,17.78,No
88,墓土青蔷丶,席瓦莱恩,CN,2022-07-28 10:12:16,4m 38s,Hq3pDPTLm7b2n9wY,https://classic.warcraftlogs.com/reports/Hq3pDPTLm7b2n9wY?fight=4&source=17&type=healing,2188.75,317,317,748,671,6,1,1,1,1,2,7891.19,Yes,1,No,Yes,Essence of the Martyr,Alchemist Stone,54.14,241.31,11.03,55.38,2.53,1675.1,76.53,[0LB 0I 5RG],17.07,[0LB 1I 4RG],9.76,34.15,No
89,小迷灬财,奥罗,CN,2022-06-10 07:12:30,5m 19s,n8pvzA3DKJHL9qYh,https://classic.warcraftlogs.com/reports/n8pvzA3DKJHL9qYh?fight=9&source=8&type=healing,2188.56,291,291,600,643,7,1,1,1,1,3,9219.38,No,2,No,Yes,Direbrew Hops,Redeemer's Alchemist Stone,96.31,1108.3,50.64,95.79,4.38,757.24,34.6,[0LB 2I 3RG],12.5,[0LB 3I 2RG],10.42,41.67,No
90,Moolato,Gehennas,EU,2022-07-25 15:29:15,5m 14s,TMwLdgrf4bDG8KpB,https://classic.warcraftlogs.com/reports/TMwLdgrf4bDG8KpB?fight=18&source=21&type=healing,2186.99,189,189,648,609,6,1,1,0,1,3,11015.12,Yes,0,Yes,No,Direbrew Hops,Essence of the Martyr,99.38,1608.86,73.56,163.31,7.47,227.57,10.41,[1LB 4I 0RG],25.0,[1LB 3I 0RG],13.46,78.85,Yes
91,神月出云,怒炉,CN,2022-07-14 07:16:47,5m 57s,ktgQYCdpHMAG64nr,https://classic.warcraftlogs.com/reports/ktgQYCdpHMAG64nr?fight=10&source=9&type=healing,2184.57,374,374,659,694,7,1,1,1,1,3,9785.59,Yes,1,Yes,No,Memento of Tyrande,Redeemer's Alchemist Stone,98.62,876.43,40.12,292.18,13.37,777.01,35.57,[1LB 2I 1RG],12.5,[1LB 2I 2RG],12.5,79.69,Yes
93,孤风煞影丶,诺格弗格,CN,2022-07-14 00:13:21,4m 42s,jXkpmGYaz91ZF3ng,https://classic.warcraftlogs.com/reports/jXkpmGYaz91ZF3ng?fight=13&source=15&type=healing,2182.86,294,294,740,693,6,1,1,1,0,3,8405.63,Yes,2,No,Yes,Darkmoon Card: Blue Dragon,Redeemer's Alchemist Stone,93.59,529.3,24.25,286.64,13.13,1115.63,51.11,[0LB 2I 3RG],19.57,[1LB 3I 1RG],17.39,43.48,No
94,Kalvx,Mirage Raceway,EU,2022-06-17 13:44:22,5m 13s,hnQWmYRjLx3MN8XJ,https://classic.warcraftlogs.com/reports/hnQWmYRjLx3MN8XJ?fight=18&source=15&type=healing,2182.54,157,157,732,658,6,1,1,0,1,3,8634.01,Yes,0,No,No,Battlemaster's Perseverance,Essence of the Martyr,89.71,620.67,28.44,561.33,25.72,755.69,34.62,[0LB 4I 1RG],23.4,[0LB 3I 2RG],17.02,29.79,No
95,敲倒麻袋,水晶之牙,CN,2022-06-23 08:47:29,4m 30s,LHKd63bXrRY2GwZ4,https://classic.warcraftlogs.com/reports/LHKd63bXrRY2GwZ4?fight=15&source=25&type=healing,2181.4,74,74,843,665,6,1,1,1,1,2,9463.55,No,1,No,No,Essence of the Martyr,Battlemaster's Perseverance,84.88,665.11,30.49,722.48,33.12,493.67,22.63,[0LB 4I 1RG],36.11,[0LB 5I 0RG],19.44,16.67,No
96,Yvia,Atiesh,US,2022-06-15 21:18:46,4m 50s,2MBz6Ng8f4T7dxrv,https://classic.warcraftlogs.com/reports/2MBz6Ng8f4T7dxrv?fight=22&source=11&type=healing,2180.61,218,218,487,633,6,1,1,2,0,2,9598.03,No,0,Yes,No,Direbrew Hops,Essence of the Martyr,99.56,1863.76,85.47,280.98,12.89,0.0,0.0,[1LB 4I 0RG],40.91,[1LB 3I 0RG],29.55,95.45,Yes
97,仍然活著,比格沃斯,CN,2022-07-22 06:43:24,5m 5s,GPvVy9tKgJmaATWw,https://classic.warcraftlogs.com/reports/GPvVy9tKgJmaATWw?fight=8&source=21&type=healing,2180.3,177,177,793,656,6,1,1,1,1,2,8475.1,No,1,Yes,No,Essence of the Martyr,Direbrew Hops,99.42,1625.33,74.55,257.34,11.8,169.93,7.79,[1LB 4I 0RG],34.04,[0LB 4I 1RG],10.64,74.47,Yes
99,Elmaskecura,Mandokir,EU,2022-08-26 17:31:50,4m 28s,8xH4w1PRCvfM36G7,https://classic.warcraftlogs.com/reports/8xH4w1PRCvfM36G7?fight=23&source=1&type=healing,2179.99,293,293,721,667,5,1,0,2,0,2,9762.21,Yes,1,No,No,Redeemer's Alchemist Stone,Memento of Tyrande,99.69,1855.54,85.12,63.67,2.92,56.37,2.59,[1LB 4I 0RG],62.22,[1LB 3I 0RG],15.56,88.89,Yes
100,顶级植物人,辛迪加,CN,2022-08-02 07:28:21,4m 30s,1TaLVfbYC3r8xmFG,https://classic.warcraftlogs.com/reports/1TaLVfbYC3r8xmFG?fight=23&source=8&type=healing,2179.49,0,0,0,0,6,1,1,1,1,2,8911.37,No,1,No,Yes,,,96.68,1031.49,47.33,81.69,3.75,810.35,37.18,[0LB 3I 2RG],20.0,[1LB 3I 0RG],11.11,26.67,No
101,牛德不行了,埃提耶什,CN,2022-08-25 22:12:13,4m 58s,K6BnHmpX7bDhJxYQ,https://classic.warcraftlogs.com/reports/K6BnHmpX7bDhJxYQ?fight=12&source=5&type=healing,2178.73,325,325,743,663,6,1,1,0,1,3,8266.6,Yes,1,Yes,Yes,Redeemer's Alchemist Stone,Memento of Tyrande,97.43,794.86,36.48,387.93,17.81,766.67,35.19,[0LB 4I 1RG],12.5,[1LB 3I 1RG],12.5,56.25,No
102,Maregbagels,Faerlina,US,2022-08-23 19:34:23,5m 3s,J9nTz2YtQ341fX7d,https://classic.warcraftlogs.com/reports/J9nTz2YtQ341fX7d?fight=18&source=8&type=healing,2175.23,232,232,651,652,6,1,0,2,0,3,9809.61,No,1,No,No,Memento of Tyrande,Violet Badge,98.91,1929.21,88.69,162.88,7.49,29.09,1.34,[1LB 4I 0RG],56.0,[1LB 3I 0RG],28.0,98.0,Yes
103,橙色鸽子,诺格弗格,CN,2022-07-11 07:34:44,4m 30s,K8BPpr7WQqfGwJ2k,https://classic.warcraftlogs.com/reports/K8BPpr7WQqfGwJ2k?fight=10&source=25&type=healing,2174.92,283,283,619,655,6,1,1,1,0,3,8328.05,Yes,2,No,Yes,Darkmoon Card: Blue Dragon,Redeemer's Alchemist Stone,83.75,536.98,24.69,121.63,5.59,1381.83,63.53,[0LB 2I 3RG],34.21,[0LB 3I 2RG],15.79,21.05,No
104,夢花火,寒冰之王,CN,2022-07-08 07:27:34,5m 20s,PzR2VkZQwjN3mnAF,https://classic.warcraftlogs.com/reports/PzR2VkZQwjN3mnAF?fight=12&source=10&type=healing,2172.98,299,299,814,660,7,1,1,2,1,2,9523.19,No,2,No,Yes,Darkmoon Card: Blue Dragon,Redeemer's Alchemist Stone,93.65,834.49,38.4,323.9,14.91,869.06,39.99,[0LB 3I 2RG],25.0,[0LB 4I 1RG],10.42,37.5,No
105,消逝的峰,祈福,CN,2022-06-02 09:50:52,5m 49s,HYdJzR1vrpjVcGk4,https://classic.warcraftlogs.com/reports/HYdJzR1vrpjVcGk4?fight=40&source=7&type=healing,2172.12,239,239,826,634,7,1,2,0,1,3,8219.62,Yes,1,No,Yes,Darkmoon Card: Blue Dragon,Essence of the Martyr,78.57,279.37,12.86,146.11,6.73,1461.68,67.29,[0LB 2I 3RG],16.67,[0LB 3I 2RG],9.26,35.19,No
106,总裁张两發,祈福,CN,2022-06-17 07:49:15,5m 26s,DhkBc32rmnV6xtbC,https://classic.warcraftlogs.com/reports/DhkBc32rmnV6xtbC?fight=13&source=1&type=healing,2172.1,327,327,737,655,7,1,1,2,1,2,9175.99,No,1,Yes,No,Memento of Tyrande,Redeemer's Alchemist Stone,98.67,1312.61,60.43,155.22,7.15,431.15,19.85,[1LB 4I 0RG],21.82,[1LB 2I 0RG],12.73,65.45,No
107,灬浙爱妇灬,比斯巨兽,CN,2022-06-23 08:56:36,6m 2s,ZDvtAgJQb4K9r8hP,https://classic.warcraftlogs.com/reports/ZDvtAgJQb4K9r8hP?fight=28&source=59&type=healing,2170.59,237,237,698,665,7,2,2,1,1,1,8926.32,Yes,2,No,Yes,Redeemer's Alchemist Stone,Memento of Tyrande,21.24,67.91,3.13,103.37,4.76,1872.38,86.26,[0LB 1I 4RG],39.58,[0LB 0I 5RG],25.0,8.33,No
108,亚小样,雷霆之击,CN,2022-08-12 01:24:44,5m 23s,2BACFfP6th1zZmnG,https://classic.warcraftlogs.com/reports/2BACFfP6th1zZmnG?fight=13&source=2&type=healing,2170.54,194,194,838,674,7,1,1,1,1,3,7358.68,Yes,2,No,Yes,Memento of Tyrande,Lower City Prayerbook,87.82,634.14,29.22,88.02,4.06,1294.32,59.63,[0LB 2I 3RG],28.26,[0LB 3I 2RG],19.57,8.7,No
109,索爱九零零西,觅心者,CN,2022-07-01 06:34:02,5m 32s,mLkzqGWd3vQMPCJf,https://classic.warcraftlogs.com/reports/mLkzqGWd3vQMPCJf?fight=9&source=2&type=healing,2167.74,300,300,617,695,7,1,1,2,0,3,7894.15,Yes,1,No,Yes,The Skull of Gul'dan,Redeemer's Alchemist Stone,97.82,816.25,37.65,232.14,10.71,941.58,43.44,[0LB 2I 0RG],20.48,[0LB 1I 2RG],14.46,21.69,No
110,虎头虎脑,水晶之牙,CN,2022-07-28 00:16:09,4m 37s,kBxAbDVZmRCyhw8L,https://classic.warcraftlogs.com/reports/kBxAbDVZmRCyhw8L?fight=5&source=18&type=healing,2167.42,229,229,736,684,6,1,1,1,1,2,8300.58,Yes,0,No,No,Essence of the Martyr,Redeemer's Alchemist Stone,98.28,710.68,32.79,379.1,17.49,913.82,42.16,[1LB 1I 2RG],15.91,[0LB 4I 1RG],15.91,50.0,No
111,专开贼法德,诺格弗格,CN,2022-06-09 07:11:51,5m 21s,WgcbzqFHJmVPrnkM,https://classic.warcraftlogs.com/reports/WgcbzqFHJmVPrnkM?fight=21&source=9&type=healing,2167.09,269,269,841,704,7,1,1,1,1,3,9230.42,Yes,0,No,Yes,Darkmoon Card: Blue Dragon,Memento of Tyrande,96.45,942.29,43.48,116.33,5.37,941.26,43.43,[1LB 3I 1RG],15.79,[1LB 2I 2RG],10.53,68.42,No
112,青衫旧,碧玉矿洞,CN,2022-07-10 07:06:13,5m 13s,dJLz3vkMZK12FAQ6,https://classic.warcraftlogs.com/reports/dJLz3vkMZK12FAQ6?fight=6&source=21&type=healing,2166.41,422,422,752,672,6,1,1,1,0,3,7939.06,Yes,2,No,Yes,Direbrew Hops,Redeemer's Alchemist Stone,80.26,414.93,19.15,177.4,8.19,1386.64,64.01,[0LB 1I 4RG],17.65,[0LB 2I 3RG],17.65,41.18,No
113,排骨号,比斯巨兽,CN,2022-07-21 07:17:00,4m 15s,yaYN7TDxgvbcP1AL,https://classic.warcraftlogs.com/reports/yaYN7TDxgvbcP1AL?fight=16&source=12&type=healing,2165.77,230,230,660,712,6,1,1,1,0,3,9354.21,Yes,1,No,Yes,Memento of Tyrande,Redeemer's Alchemist Stone,92.92,555.86,25.67,447.02,20.64,959.32,44.29,[0LB 3I 2RG],14.29,[1LB 3I 1RG],11.9,45.24,No
114,牛靓,雷霆之击,CN,2022-07-09 07:50:24,5m 29s,HxQJLNhg2q9yPpza,https://classic.warcraftlogs.com/reports/HxQJLNhg2q9yPpza?fight=12&source=24&type=healing,2163.18,435,435,709,677,6,1,1,1,1,2,8516.21,Yes,1,Yes,No,Essence of the Martyr,Direbrew Hops,86.14,586.97,27.13,0,0.0,1406.5,65.02,[0LB 2I 3RG],21.57,[0LB 3I 2RG],17.65,21.57,No
115,伊丽莎白甜,觅心者,CN,2022-07-23 07:15:31,4m 40s,649azDGd1hkbKqw3,https://classic.warcraftlogs.com/reports/649azDGd1hkbKqw3?fight=2&source=18&type=healing,2162.91,403,403,629,661,6,1,1,0,1,3,9384.49,No,2,No,No,Glimmering Naaru Sliver,Redeemer's Alchemist Stone,99.43,1089.02,50.35,90.93,4.2,657.31,30.39,[1LB 3I 1RG],12.5,[0LB 3I 2RG],12.5,41.67,No
116,啊肥肥,维希度斯,CN,2022-07-21 21:25:45,4m 7s,ZABcQfX7zKhrMLC2,https://classic.warcraftlogs.com/reports/ZABcQfX7zKhrMLC2?fight=13&source=19&type=healing,2161.41,372,372,794,691,6,1,1,1,1,2,9255.38,Yes,0,Yes,No,Redeemer's Alchemist Stone,Memento of Tyrande,82.85,652.84,30.2,297.34,13.76,1013.48,46.89,[0LB 3I 2RG],18.42,[0LB 4I 1RG],13.16,34.21,No
118,胸扣碎大石,维克尼拉斯,CN,2022-07-21 08:53:19,3m 34s,xhqLQjnkJZXrGw8f,https://classic.warcraftlogs.com/reports/xhqLQjnkJZXrGw8f?fight=18&source=3&type=healing,2159.57,315,315,627,660,5,1,1,0,1,2,8667.61,Yes,1,No,Yes,Redeemer's Alchemist Stone,Essence of the Martyr,71.3,508.61,23.55,243.33,11.27,1142.17,52.89,[0LB 2I 3RG],16.67,[0LB 1I 4RG],16.67,16.67,No
119,이장님오른팔,로크홀라,KR,2022-06-09 07:57:09,4m 44s,MRtCrJdAnxf7Fq3k,https://classic.warcraftlogs.com/reports/MRtCrJdAnxf7Fq3k?fight=22&source=8&type=healing,2158.62,236,236,602,645,6,1,1,1,1,2,8890.78,No,1,No,No,Memento of Tyrande,Essence of the Martyr,94.21,1024.65,47.47,175.59,8.13,721.71,33.43,[0LB 3I 2RG],18.6,[0LB 5I 0RG],16.28,32.56,No
120,最強的侽人,帕奇维克,CN,2022-07-22 08:12:44,5m 42s,b4XCVj6wRmkhzyWd,https://classic.warcraftlogs.com/reports/b4XCVj6wRmkhzyWd?fight=16&source=11&type=healing,2157.3,365,365,671,639,7,1,1,1,1,3,8214.75,Yes,1,No,No,Direbrew Hops,Essence of the Martyr,80.69,520.65,24.13,288.67,13.38,1066.78,49.45,[0LB 4I 1RG],28.85,[0LB 1I 4RG],13.46,23.08,No
121,Vanillacoco,法尔班克斯,CN,2022-07-24 07:27:36,5m 17s,btTjMHnWK4f9DrNm,https://classic.warcraftlogs.com/reports/btTjMHnWK4f9DrNm?fight=9&source=40&type=healing,2156.86,379,379,750,667,6,1,1,0,1,3,9405.1,Yes,2,No,Yes,Redeemer's Alchemist Stone,Essence of the Martyr,96.47,689.4,31.96,344.13,15.96,943.75,43.76,[0LB 3I 2RG],14.04,[0LB 4I 1RG],12.28,56.14,No
122,绿日,龙之召唤,CN,2022-07-11 07:51:10,5m 26s,gbkw49hfdPVN6QGa,https://classic.warcraftlogs.com/reports/gbkw49hfdPVN6QGa?fight=21&source=9&type=healing,2156.79,237,237,767,656,7,1,2,1,1,2,8471.3,Yes,2,No,Yes,Essence of the Martyr,Memento of Tyrande,79.9,493.79,22.89,265.52,12.31,1257.67,58.31,[1LB 1I 2RG],10.17,[0LB 2I 1RG],10.17,45.76,No
123,月半蟹,雷霆之击,CN,2022-07-24 07:21:39,5m 38s,zanYHk3d2qFTVQcZ,https://classic.warcraftlogs.com/reports/zanYHk3d2qFTVQcZ?fight=14&source=3&type=healing,2155.87,141,141,641,656,7,1,1,1,1,3,8465.54,Yes,1,No,Yes,Direbrew Hops,Redeemer's Alchemist Stone,94.47,772.77,35.84,187.28,8.69,1010.15,46.86,[1LB 2I 1RG],10.53,[1LB 0I 2RG],8.77,61.4,No
124,毒奶大王,奎尔塞拉,CN,2022-07-30 07:14:07,4m 23s,hKQLn1mk4pcVzGJB,https://classic.warcraftlogs.com/reports/hKQLn1mk4pcVzGJB?fight=16&source=1&type=healing,2154.12,0,0,0,0,6,1,1,0,1,3,8672.01,Yes,1,No,No,,,72.83,306.81,14.24,283.68,13.17,1376.22,63.89,[0LB 1I 4RG],17.78,[0LB 2I 3RG],13.33,35.56,No
125,丶毛小右,帕奇维克,CN,2022-06-09 06:43:10,5m 38s,njD6R4WN37x9Ytmy,https://classic.warcraftlogs.com/reports/njD6R4WN37x9Ytmy?fight=11&source=15&type=healing,2153.99,176,176,820,678,7,2,1,0,1,3,9162.57,Yes,2,Yes,Yes,Scarab of the Infinite Cycle,Direbrew Hops,56.56,280.38,13.02,72.57,3.37,1657.33,76.94,[1LB 0I 3RG],14.81,[0LB 0I 5RG],14.81,46.3,No
126,疯狂的菜鸟,莫格莱尼,CN,2022-07-23 08:26:15,5m 1s,tx3Mg12JFCwQpkqd,https://classic.warcraftlogs.com/reports/tx3Mg12JFCwQpkqd?fight=14&source=23&type=healing,2153.05,341,341,765,655,6,1,1,1,0,3,8730.96,Yes,2,No,Yes,Redeemer's Alchemist Stone,Memento of Tyrande,96.4,849.32,39.45,239.85,11.14,925.82,43.0,[0LB 4I 1RG],25.0,[0LB 3I 2RG],18.75,33.33,No
127,霸添,审判,CN,2022-07-08 07:01:05,4m 33s,vG6JhfK2agrdXDmR,https://classic.warcraftlogs.com/reports/vG6JhfK2agrdXDmR?fight=13&source=4&type=healing,2152.78,0,0,0,0,6,1,1,0,1,3,8839.74,Yes,2,Yes,Yes,,,92.02,570.15,26.48,193.37,8.98,1094.76,50.85,[0LB 4I 1RG],14.29,[0LB 2I 3RG],14.29,21.43,No
128,Beeby,Sulfuron,EU,2022-06-08 14:44:33,4m 40s,3KFvyZngrV8GCxWp,https://classic.warcraftlogs.com/reports/3KFvyZngrV8GCxWp?fight=27&source=273&type=healing,2152.28,244,244,607,601,6,1,1,0,1,3,8836.69,Yes,0,Yes,No,Essence of the Martyr,Memento of Tyrande,99.65,981.8,45.62,330.88,15.37,601.58,27.95,[1LB 1I 2RG],12.24,[1LB 4I 0RG],10.2,61.22,No
129,Jupe,Gehennas,EU,2022-07-10 09:57:39,5m 36s,fr2yR9LvqcA1NHwz,https://classic.warcraftlogs.com/reports/fr2yR9LvqcA1NHwz?fight=22&source=20&type=healing,2151.82,350,350,712,655,7,2,1,1,0,3,9091.38,Yes,0,No,No,Essence of the Martyr,Direbrew Hops,99.3,1774.12,82.45,201.11,9.35,29.24,1.36,[1LB 4I 0RG],62.5,[1LB 1I 0RG],7.14,85.71,Yes
130,木牧酱,布鲁,CN,2022-07-08 07:47:31,4m 43s,1gtjTaYHAxnFrJ6m,https://classic.warcraftlogs.com/reports/1gtjTaYHAxnFrJ6m?fight=11&source=6&type=healing,2151.58,217,217,991,643,6,1,1,1,1,2,9360.62,Yes,1,No,Yes,Darkmoon Card: Blue Dragon,Memento of Tyrande,76.32,473.23,21.99,260.31,12.1,1170.94,54.42,[1LB 2I 1RG],13.04,[0LB 1I 4RG],13.04,58.7,No
131,大范,审判,CN,2022-07-23 08:35:11,4m 48s,jtGf7A1HzpNTJmK6,https://classic.warcraftlogs.com/reports/jtGf7A1HzpNTJmK6?fight=31&source=24&type=healing,2150.44,256,256,745,630,6,1,1,1,1,2,9233.75,No,2,Yes,No,Essence of the Martyr,Memento of Tyrande,98.92,954.66,44.39,191.28,8.89,691.13,32.14,[1LB 3I 1RG],14.89,[0LB 4I 1RG],12.77,51.06,No
132,阿克哞德,灰烬使者,CN,2022-07-16 09:24:53,6m 1s,nHfwPxK4yCWcFaZ8,https://classic.warcraftlogs.com/reports/nHfwPxK4yCWcFaZ8?fight=9&source=37&type=healing,2149.56,217,217,704,653,7,1,1,1,1,3,8763.55,Yes,2,No,Yes,Memento of Tyrande,Redeemer's Alchemist Stone,90.12,668.88,31.12,250.35,11.65,1003.49,46.68,[0LB 3I 2RG],20.69,[0LB 2I 3RG],15.52,41.38,No
133,不德而知,奥罗,CN,2022-08-20 02:24:04,5m 12s,cCqTDMkNZ6rfvtdB,https://classic.warcraftlogs.com/reports/cCqTDMkNZ6rfvtdB?fight=6&source=44&type=healing,2148.15,310,310,680,661,7,1,1,1,1,3,8814.55,Yes,2,No,Yes,The Skull of Gul'dan,Memento of Tyrande,97.6,875.3,40.75,173.41,8.07,898.77,41.84,[0LB 3I 2RG],17.02,[0LB 4I 1RG],14.89,25.53,No
134,Sylvirfoot,Benediction,US,2022-08-02 20:41:49,4m 31s,kraYcZ29zCydjq8T,https://classic.warcraftlogs.com/reports/kraYcZ29zCydjq8T?fight=15&source=42&type=healing,2147.49,248,248,699,677,6,1,1,0,1,3,9266.52,No,0,No,No,Direbrew Hops,Essence of the Martyr,95.04,1311.67,61.08,130.58,6.08,487.43,22.7,[0LB 5I 0RG],15.91,[0LB 4I 1RG],13.64,40.91,No
135,梦回空工,沙顶,CN,2022-07-08 06:53:04,4m 51s,pCtfFRwMQBN9hA1L,https://classic.warcraftlogs.com/reports/pCtfFRwMQBN9hA1L?fight=10&source=6&type=healing,2147.04,152,152,757,502,7,1,1,1,1,3,8423.63,No,1,No,Yes,Direbrew Hops,Redeemer's Alchemist Stone,61.09,377.07,17.56,101.46,4.73,1359.86,63.34,[0LB 2I 3RG],16.67,[0LB 0I 5RG],13.89,16.67,No
136,Moraxella,Gehennas,EU,2022-08-11 13:29:11,4m 30s,2AjnVPaZRMtLqcz4,https://classic.warcraftlogs.com/reports/2AjnVPaZRMtLqcz4?fight=16&source=26&type=healing,2145.47,344,344,614,649,6,1,1,0,1,3,8579.66,Yes,0,No,No,Direbrew Hops,Essence of the Martyr,92.63,964.65,44.96,476.52,22.21,466.63,21.75,[1LB 4I 0RG],29.27,[1LB 3I 0RG],14.63,70.73,Yes
137,梦游者的怒火,水晶之牙,CN,2022-08-15 07:43:07,5m 56s,HtK2JraABvTzRpPy,https://classic.warcraftlogs.com/reports/HtK2JraABvTzRpPy?fight=18&source=17&type=healing,2144.9,270,270,796,676,6,1,1,1,1,2,8619.63,Yes,1,No,Yes,Essence of the Martyr,Redeemer's Alchemist Stone,90.71,713.38,33.26,215.3,10.04,1002.12,46.72,[0LB 3I 2RG],34.78,[0LB 2I 3RG],21.74,17.39,No
138,萌萌的瞌睡 62345930,黑曜石之锋,CN,,,LcJ6yDG7agdnkvWR,,0,0,0,0,0,0,0,0,0,0,0,0,ERROR,0,ERROR,ERROR,,,0,0,0,0,0,0,0,,0,,0,0,ERROR
139,Joedekage,Firemaw,EU,2022-06-09 12:11:19,5m 31s,Lb9gaJmcTdq4wnxG,https://classic.warcraftlogs.com/reports/Lb9gaJmcTdq4wnxG?fight=24&source=56&type=healing,2142.77,165,165,602,609,6,1,0,2,0,3,8435.76,No,1,No,No,Memento of Tyrande,Redeemer's Alchemist Stone,97.43,1221.11,56.99,371.66,17.34,323.01,15.07,[1LB 3I 0RG],18.03,[1LB 2I 0RG],16.39,86.89,Yes
140,扛旗小能手,灵风,CN,2022-08-12 08:04:26,5m 41s,6Cr4PxdYANtvHMbR,https://classic.warcraftlogs.com/reports/6Cr4PxdYANtvHMbR?fight=14&source=10&type=healing,2142.73,222,222,727,664,7,1,1,1,1,3,9936.44,Yes,1,No,No,Redeemer's Alchemist Stone,Direbrew Hops,93.98,992.56,46.32,271.37,12.66,638.1,29.78,[0LB 4I 1RG],12.96,[0LB 5I 0RG],11.11,44.44,No
141,小糖糖吖,奥罗,CN,2022-08-17 23:56:30,4m 36s,1J3bLkFZYmhGayQq,https://classic.warcraftlogs.com/reports/1J3bLkFZYmhGayQq?fight=8&source=10&type=healing,2142.06,344,344,802,673,7,1,1,1,1,3,8582.24,Yes,1,No,Yes,Redeemer's Alchemist Stone,Memento of Tyrande,94.06,701.32,32.74,236.0,11.02,924.57,43.16,[0LB 2I 3RG],18.6,[0LB 4I 1RG],13.95,30.23,No
142,哦丶涅猫奶德,光芒,CN,2022-07-17 09:34:22,4m 38s,QMp4ryHzLXT7CkVY,https://classic.warcraftlogs.com/reports/QMp4ryHzLXT7CkVY?fight=35&source=25&type=healing,2141.24,274,274,710,697,6,1,1,1,1,2,9155.14,Yes,2,No,Yes,Ribbon of Sacrifice,Essence of the Martyr,65.9,356.58,16.65,105.87,4.94,1548.34,72.31,[0LB 1I 4RG],20.93,[0LB 0I 5RG],11.63,27.91,No
143,Aerixy,Venoxis,EU,2022-05-30 04:59:23,5m 22s,Mx7Z4YaFbXDq9JhB,https://classic.warcraftlogs.com/reports/Mx7Z4YaFbXDq9JhB?fight=40&source=20&type=healing,2141.08,160,160,623,632,7,1,1,1,1,3,8760.58,No,1,No,No,Memento of Tyrande,Essence of the Martyr,86.74,1088.74,50.85,18.29,0.85,633.74,29.6,[1LB 3I 0RG],20.41,[1LB 2I 0RG],10.2,51.02,No
144,디브님,로크홀라,KR,2022-08-28 07:06:23,4m 7s,B2qak71yrzKghmNA,https://classic.warcraftlogs.com/reports/B2qak71yrzKghmNA?fight=20&source=17&type=healing,2140.32,126,126,666,608,5,1,1,1,0,2,9250.97,No,1,Yes,No,Memento of Tyrande,Direbrew Hops,99.38,1351.15,63.13,327.4,15.3,249.47,11.66,[1LB 3I 0RG],30.0,[1LB 2I 1RG],15.0,90.0,Yes
145,小蛋仔,奥金斧,CN,2022-06-25 07:42:56,5m 1s,pndK7DRgQwF1CHqm,https://classic.warcraftlogs.com/reports/pndK7DRgQwF1CHqm?fight=9&source=22&type=healing,2138.73,220,220,760,624,6,1,1,0,1,3,8391.5,Yes,1,No,Yes,Battlemaster's Perseverance,Memento of Tyrande,86.96,607.04,28.38,364.53,17.04,859.35,40.18,[0LB 4I 1RG],25.58,[0LB 3I 2RG],23.26,18.6,No
146,少新,审判,CN,2022-07-28 06:54:56,4m 38s,akxRD6bPcj8CTFGh,https://classic.warcraftlogs.com/reports/akxRD6bPcj8CTFGh?fight=10&source=30&type=healing,2137.99,269,269,809,687,6,1,1,0,1,3,9898.11,Yes,0,No,Yes,Direbrew Hops,Darkmoon Card: Blue Dragon,82.04,558.89,26.14,287.77,13.46,1085.32,50.76,[0LB 3I 2RG],20.0,[0LB 4I 1RG],15.0,32.5,No
147,东加盏记,范沃森,CN,2022-07-07 07:40:02,5m 25s,qtjDkNL1X2wcJvZ6,https://classic.warcraftlogs.com/reports/qtjDkNL1X2wcJvZ6?fight=11&source=4&type=healing,2137.73,299,299,728,656,7,1,2,2,0,2,7106.93,No,2,No,Yes,Redeemer's Alchemist Stone,Darkmoon Card: Blue Dragon,85.96,536.6,25.1,52.08,2.44,1228.53,57.47,[0LB 3I 2RG],19.15,[0LB 1I 4RG],10.64,27.66,No
148,风花千雪,帕奇维克,CN,2022-07-23 23:58:43,4m 36s,a84hv673dWyCtAxr,https://classic.warcraftlogs.com/reports/a84hv673dWyCtAxr?fight=14&source=13&type=healing,2136.87,230,230,611,682,6,1,1,1,1,2,8204.92,Yes,1,No,Yes,Memento of Tyrande,Glimmering Naaru Sliver,79.47,514.11,24.06,260.05,12.17,1133.35,53.04,[0LB 3I 2RG],18.6,[0LB 4I 1RG],11.63,27.91,No
149,可可葱,加丁,CN,2022-08-27 07:21:33,5m 55s,RktLMDzxbVv39hyc,https://classic.warcraftlogs.com/reports/RktLMDzxbVv39hyc?fight=6&source=1&type=healing,2135.73,203,203,689,634,7,1,2,0,1,3,9011.43,Yes,1,No,No,Essence of the Martyr,Redeemer's Alchemist Stone,97.4,883.63,41.37,295.41,13.83,798.92,37.41,[0LB 3I 2RG],23.08,[1LB 2I 1RG],19.23,38.46,No
150,徐仁国,审判,CN,2022-05-27 06:59:37,5m 34s,h4dKqPtcpYmAQNX8,https://classic.warcraftlogs.com/reports/h4dKqPtcpYmAQNX8?fight=25&source=16&type=healing,2135.14,245,245,724,629,6,1,1,0,1,3,8657.87,Yes,1,No,Yes,Darkmoon Card: Blue Dragon,Bangle of Endless Blessings,94.47,806.19,37.76,202.96,9.51,925.82,43.36,[0LB 3I 2RG],22.22,[0LB 0I 1RG],7.41,35.19,No
151,老和云起,奎尔塞拉,CN,2022-08-03 20:49:01,4m 43s,wdx1kjcRLNrZyX7V,https://classic.warcraftlogs.com/reports/wdx1kjcRLNrZyX7V?fight=12&source=8&type=healing,2133.09,286,286,798,676,6,1,1,1,1,2,8581.73,Yes,0,No,Yes,Darkmoon Card: Blue Dragon,Memento of Tyrande,97.37,999.54,46.86,300.28,14.08,644.35,30.21,[0LB 4I 1RG],34.09,[0LB 2I 3RG],11.36,34.09,No
152,Blazeddrewid,Whitemane,US,2022-08-02 22:41:59,4m 57s,GcvKBbC9zQaA7ZDt,https://classic.warcraftlogs.com/reports/GcvKBbC9zQaA7ZDt?fight=23&source=7&type=healing,2131.6,302,302,732,688,7,1,1,1,1,3,9038.99,Yes,0,Yes,No,Essence of the Martyr,Memento of Tyrande,98.4,744.77,34.94,548.2,25.72,549.7,25.79,[1LB 4I 0RG],12.96,[1LB 2I 0RG],9.26,61.11,No
153,雨哥很稳,巴罗夫,CN,2022-06-30 07:21:13,4m 10s,1DkxR7KfgZvYAz6h,https://classic.warcraftlogs.com/reports/1DkxR7KfgZvYAz6h?fight=13&source=5&type=healing,2131.07,339,339,704,706,5,1,2,0,0,2,8604.84,Yes,1,No,Yes,Redeemer's Alchemist Stone,Memento of Tyrande,84.19,520.66,24.43,164.53,7.72,1145.15,53.74,[0LB 2I 3RG],17.95,[0LB 1I 4RG],12.82,33.33,No
154,邀月摘星,法尔班克斯,CN,2022-08-05 06:51:12,5m 29s,9rX7LK1Pf86JCYMA,https://classic.warcraftlogs.com/reports/9rX7LK1Pf86JCYMA?fight=8&source=15&type=healing,2130.35,187,187,772,633,6,1,1,2,0,2,8658.82,Yes,1,No,No,Redeemer's Alchemist Stone,Direbrew Hops,66.06,328.27,15.41,287.37,13.49,1289.63,60.54,[0LB 3I 2RG],23.26,[0LB 4I 1RG],20.93,13.95,No
155,愤怒小九九,诺格弗格,CN,2022-06-26 00:06:10,4m 47s,9VB2XrA1Z6WQPawR,https://classic.warcraftlogs.com/reports/9VB2XrA1Z6WQPawR?fight=11&source=45&type=healing,2129.14,285,285,741,695,6,1,1,0,1,3,8704.95,Yes,1,Yes,Yes,Memento of Tyrande,Redeemer's Alchemist Stone,59.82,228.83,10.75,205.46,9.65,1438.99,67.59,[1LB 0I 3RG],14.89,[1LB 1I 0RG],10.64,55.32,No
156,百变德,寒冰之王,CN,2022-08-08 08:54:18,3m 25s,r68wyPzjmp17LkZ2,https://classic.warcraftlogs.com/reports/r68wyPzjmp17LkZ2?fight=24&source=4&type=healing,2128.87,452,452,733,689,5,1,1,0,1,2,8201.73,No,1,No,No,Memento of Tyrande,Shifting Naaru Sliver,80.54,601.61,28.26,196.02,9.21,1013.28,47.6,[0LB 3I 2RG],29.41,[0LB 2I 3RG],11.76,32.35,No
157,Taní,Venoxis,EU,2022-08-07 13:06:18,4m 28s,padNDCqLk8ymVbAM,https://classic.warcraftlogs.com/reports/padNDCqLk8ymVbAM?fight=23&source=12&type=healing,2128.61,209,209,621,655,6,1,1,1,0,3,9629.98,No,0,No,No,Memento of Tyrande,Redeemer's Alchemist Stone,98.51,1725.84,81.08,197.4,9.27,91.55,4.3,[1LB 3I 0RG],28.57,[1LB 4I 0RG],23.81,80.95,Yes
158,皮哥,奎尔塞拉,CN,2022-06-10 07:39:47,4m 55s,gFGRbmKxnPXyMqWZ,https://classic.warcraftlogs.com/reports/gFGRbmKxnPXyMqWZ?fight=24&source=20&type=healing,2128.5,293,277,622,629,6,1,1,0,1,3,9159.25,Yes,1,No,No,Memento of Tyrande,Redeemer's Alchemist Stone,98.48,1238.63,58.19,134.02,6.3,571.81,26.86,[1LB 2I 1RG],20.0,[1LB 4I 0RG],10.0,60.0,No
159,Iloveu,奥罗,CN,2022-06-07 00:39:16,5m 26s,BjV7tkA9FKpzMDNH,https://classic.warcraftlogs.com/reports/BjV7tkA9FKpzMDNH?fight=8&source=13&type=healing,2127.06,0,0,0,0,7,1,1,1,1,3,8628.78,No,2,Yes,Yes,,,97.21,972.63,45.73,156.77,7.37,795.28,37.39,[0LB 3I 2RG],15.69,[0LB 4I 1RG],11.76,31.37,No
160,Macdaddyswag,Pagle,US,2022-08-18 19:54:00,4m 59s,zJyPj8T93xBX6Dgb,https://classic.warcraftlogs.com/reports/zJyPj8T93xBX6Dgb?fight=22&source=54&type=healing,2126.77,157,157,705,646,6,1,1,2,0,2,8774.76,Yes,0,Yes,No,Essence of the Martyr,Direbrew Hops,99.36,1155.92,54.35,464.38,21.83,413.7,19.45,[1LB 3I 0RG],21.15,[1LB 4I 0RG],21.15,78.85,Yes
161,陈大福,奥罗,CN,2022-07-14 10:28:28,4m 49s,cPGMnV9fTYCRk1gb,https://classic.warcraftlogs.com/reports/cPGMnV9fTYCRk1gb?fight=7&source=27&type=healing,2126.19,345,345,704,654,7,1,1,1,1,3,8262.03,No,2,No,Yes,The Skull of Gul'dan,Memento of Tyrande,97.43,913.27,42.95,177.68,8.36,778.74,36.63,[0LB 3I 2RG],20.83,[1LB 4I 0RG],8.33,39.58,No
162,牛德要不得,埃提耶什,CN,2022-08-19 22:54:13,5m 1s,CnHcdmqwGL7Dpr1V,https://classic.warcraftlogs.com/reports/CnHcdmqwGL7Dpr1V?fight=20&source=14&type=healing,2123.13,392,392,640,643,6,1,1,1,0,3,9116.16,No,2,No,No,Glimmering Naaru Sliver,Redeemer's Alchemist Stone,97.63,721.04,33.96,406.58,19.15,759.59,35.78,[0LB 4I 1RG],15.22,[1LB 1I 1RG],15.22,58.7,No
163,李姐屮不行,震地者,CN,2022-08-30 01:08:02,5m 2s,F3XgTQDRdz8NZbxH,https://classic.warcraftlogs.com/reports/F3XgTQDRdz8NZbxH?fight=10&source=36&type=healing,2122.15,0,0,0,0,5,1,1,0,1,2,8232.47,Yes,1,No,Yes,,,77.43,375.92,17.71,223.09,10.51,1309.77,61.72,[0LB 3I 2RG],22.73,[0LB 1I 4RG],18.18,22.73,No
164,心兮,范克瑞斯,CN,2022-07-16 02:26:42,4m 58s,xYR1q3wycZ6bJQ4C,https://classic.warcraftlogs.com/reports/xYR1q3wycZ6bJQ4C?fight=8&source=8&type=healing,2121.55,287,287,699,605,6,1,1,0,1,3,9395.9,Yes,0,No,Yes,Darkmoon Card: Blue Dragon,Redeemer's Alchemist Stone,98.32,1034.79,48.78,200.45,9.45,516.56,24.35,[0LB 4I 1RG],22.22,[0LB 3I 2RG],15.56,35.56,No
165,薛笛凯,雷霆之击,CN,2022-08-04 08:05:35,4m 9s,m7gqHnZj6FYyRrhd,https://classic.warcraftlogs.com/reports/m7gqHnZj6FYyRrhd?fight=10&source=17&type=healing,2120.71,338,338,764,672,6,1,1,1,0,3,8991.52,No,1,Yes,Yes,Essence of the Martyr,Direbrew Hops,95.39,856.41,40.38,113.62,5.36,1017.72,47.99,[0LB 3I 2RG],24.32,[0LB 2I 3RG],10.81,35.14,No
166,财富顾问,席瓦莱恩,CN,2022-08-09 09:22:03,5m 16s,tywdxRZKMNA1kGJQ,https://classic.warcraftlogs.com/reports/tywdxRZKMNA1kGJQ?fight=8&source=6&type=healing,2120.19,269,269,737,667,7,1,2,1,0,3,8665.76,Yes,1,No,Yes,Memento of Tyrande,Scarab of the Infinite Cycle,90.07,656.57,30.97,215.55,10.17,1043.57,49.22,[1LB 3I 1RG],11.11,[1LB 3I 0RG],7.41,55.56,No
167,小巴巴,布鲁,CN,2022-08-05 06:59:19,4m 27s,aKyVXmRDb6LnkAcF,https://classic.warcraftlogs.com/reports/aKyVXmRDb6LnkAcF?fight=13&source=14&type=healing,2118.33,327,327,794,679,6,1,1,1,1,2,9078.79,Yes,1,No,Yes,Essence of the Martyr,Glimmering Naaru Sliver,61.26,452.16,21.35,95.17,4.49,1468.21,69.31,[0LB 0I 5RG],18.42,[0LB 3I 2RG],18.42,23.68,No
168,就爱吃辅食,匕首岭,CN,2022-06-02 07:07:33,4m 46s,zT8bvAdmcGyJ674D,https://classic.warcraftlogs.com/reports/zT8bvAdmcGyJ674D?fight=14&source=3&type=healing,2117.92,0,0,0,0,6,1,1,0,1,3,9439.11,Yes,1,Yes,No,,,86.05,684.57,32.32,110.71,5.23,1111.13,52.46,[0LB 3I 2RG],18.18,[0LB 2I 3RG],15.91,25.0,No
169,牛仙人,龙之召唤,CN,2022-07-07 07:36:48,4m 49s,vFmMHpacNz7Rdy9D,https://classic.warcraftlogs.com/reports/vFmMHpacNz7Rdy9D?fight=11&source=107&type=healing,2116.94,0,0,0,0,6,1,1,0,1,3,8871.46,Yes,1,No,Yes,,,61.86,280.76,13.26,224.31,10.6,1393.49,65.83,[0LB 3I 2RG],27.5,[0LB 2I 3RG],20.0,15.0,No
170,奶奶疼丶,怒炉,CN,2022-08-21 08:14:34,6m 4s,Qv6wHtkN3pdKPR9W,https://classic.warcraftlogs.com/reports/Qv6wHtkN3pdKPR9W?fight=13&source=1&type=healing,2116.48,322,322,765,672,7,1,1,1,1,3,9696.71,Yes,1,Yes,Yes,Redeemer's Alchemist Stone,Darkmoon Card: Blue Dragon,90.78,664.97,31.42,143.83,6.8,1047.97,49.51,[0LB 2I 3RG],23.64,[0LB 3I 2RG],21.82,20.0,No
171,Shallowmoon,厄运之槌,CN,2022-08-04 06:33:02,4m 18s,AzCV32Fm6LHr1xhM,https://classic.warcraftlogs.com/reports/AzCV32Fm6LHr1xhM?fight=11&source=9&type=healing,2116.43,279,279,858,689,6,1,1,0,1,3,9793.31,Yes,1,No,Yes,Redeemer's Alchemist Stone,Glimmering Naaru Sliver,84.24,684.16,32.33,198.0,9.36,964.38,45.57,[0LB 3I 2RG],27.78,[0LB 1I 4RG],13.89,16.67,No
172,灬七丶夜灬,灵风,CN,2022-07-06 21:09:23,4m 39s,z9WpVDy6wfLtmTBY,https://classic.warcraftlogs.com/reports/z9WpVDy6wfLtmTBY?fight=15&source=252&type=healing,0,0,0,0,0,6,1,1,0,1,3,8908.09,No,0,No,No,,,0,0,0,0,0,0.0,0,,0,,0,0,No
173,有情调的凯恩,比格沃斯,CN,2022-07-16 07:20:41,5m 16s,Pjtky6qhrYc92gWV,https://classic.warcraftlogs.com/reports/Pjtky6qhrYc92gWV?fight=9&source=22&type=healing,2114.11,0,0,0,0,7,1,1,1,1,3,8659.0,Yes,0,Yes,No,,,96.04,1390.3,65.76,104.76,4.96,486.24,23.0,[0LB 2I 0RG],10.0,[1LB 2I 1RG],10.0,61.67,No
174,千触乱入,哈霍兰,CN,2022-08-18 06:35:09,5m 32s,y9qzLW2P8cR7XwnY,https://classic.warcraftlogs.com/reports/y9qzLW2P8cR7XwnY?fight=5&source=36&type=healing,2113.66,302,302,675,652,7,1,1,1,1,3,9405.63,No,1,No,No,Redeemer's Alchemist Stone,Memento of Tyrande,99.83,1357.37,64.22,204.27,9.66,348.35,16.48,[1LB 4I 0RG],15.79,[0LB 5I 0RG],14.04,57.89,No
175,卧虎灬,寒脊山小径,CN,2022-07-01 07:05:33,4m 59s,AkLQC6vjZb2fJtmN,https://classic.warcraftlogs.com/reports/AkLQC6vjZb2fJtmN?fight=6&source=30&type=healing,2112.96,329,329,743,664,6,1,1,1,1,2,8407.68,No,1,Yes,No,Redeemer's Alchemist Stone,Darkmoon Card: Blue Dragon,87.02,555.61,26.3,138.52,6.56,1290.89,61.09,[0LB 1I 4RG],17.39,[0LB 3I 2RG],15.22,36.96,No
176,Minpojke,震地者,CN,2022-06-14 07:21:19,5m 50s,LmMZdaJHxwbprBhz,https://classic.warcraftlogs.com/reports/LmMZdaJHxwbprBhz?fight=90&source=415&type=healing,2112.69,123,123,738,629,7,1,1,1,1,3,8640.27,No,3,Yes,Yes,Darkmoon Card: Blue Dragon,Bangle of Endless Blessings,95.22,659.38,31.21,201.35,9.53,974.39,46.12,[0LB 3I 2RG],23.64,[0LB 4I 1RG],14.55,30.91,No
177,Panya,Westfall,US,2022-08-02 19:42:02,5m 30s,xrM89GbRC3KZYVQA,https://classic.warcraftlogs.com/reports/xrM89GbRC3KZYVQA?fight=16&source=10&type=healing,2111.27,212,212,598,643,7,1,1,2,0,3,9816.36,No,1,No,No,Essence of the Martyr,Direbrew Hops,97.21,1605.56,76.05,207.79,9.84,158.81,7.52,[1LB 4I 0RG],41.51,[1LB 3I 0RG],30.19,86.79,Yes
178,可愛中德,范克瑞斯,CN,2022-07-14 07:38:40,5m 22s,9P6MJvndy72CaZFr,https://classic.warcraftlogs.com/reports/9P6MJvndy72CaZFr?fight=15&source=19&type=healing,2111.05,317,317,708,634,7,2,1,1,1,2,9208.95,Yes,1,No,Yes,Darkmoon Card: Blue Dragon,Redeemer's Alchemist Stone,95.04,868.28,41.13,144.35,6.84,728.62,34.51,[1LB 4I 0RG],14.81,[1LB 3I 1RG],11.11,57.41,No
179,荷醒擎雨时,卓越,CN,2022-08-25 07:28:52,5m 53s,nBYD7KFZVAXbtLNz,https://classic.warcraftlogs.com/reports/nBYD7KFZVAXbtLNz?fight=19&source=5&type=healing,2110.92,462,462,721,685,7,1,1,1,1,3,8334.72,Yes,1,Yes,Yes,Redeemer's Alchemist Stone,Darkmoon Card: Blue Dragon,98.37,669.49,31.72,288.16,13.65,1005.4,47.63,[0LB 3I 2RG],39.66,[0LB 2I 3RG],12.07,25.86,No
180,叄鸽,祈福,CN,2022-08-02 09:58:22,5m 19s,NQkWZqD9K2hCR4j7,https://classic.warcraftlogs.com/reports/NQkWZqD9K2hCR4j7?fight=17&source=1&type=healing,2109.9,252,252,732,652,7,1,1,1,1,3,8723.31,Yes,1,No,No,Essence of the Martyr,Direbrew Hops,74.42,486.32,23.05,307.76,14.59,1210.91,57.39,[0LB 3I 2RG],14.58,[0LB 2I 3RG],12.5,31.25,No
181,站在我身后吧,无尽风暴,CN,2022-08-18 21:14:53,5m 53s,LQbJDzg2dYXm1MBj,https://classic.warcraftlogs.com/reports/LQbJDzg2dYXm1MBj?fight=18&source=23&type=healing,2109.25,437,437,723,682,7,1,1,1,1,3,8796.71,Yes,3,No,Yes,Battlemaster's Alacrity,Redeemer's Alchemist Stone,54.59,274.72,13.02,275.93,13.08,1450.71,68.78,[0LB 1I 4RG],24.07,[0LB 2I 3RG],20.37,16.67,No
182,吃拿卡要怒疯,法尔班克斯,CN,2022-07-14 08:10:02,4m 48s,PxbRqMT2NKvhDnay,https://classic.warcraftlogs.com/reports/PxbRqMT2NKvhDnay?fight=24&source=9&type=healing,2109.25,240,240,612,609,6,1,1,1,0,3,9976.13,No,1,No,No,Memento of Tyrande,Redeemer's Alchemist Stone,89.59,1002.49,47.53,336.58,15.96,570.97,27.07,[0LB 4I 1RG],22.5,[0LB 3I 2RG],15.0,25.0,No
183,过来人,雷德,CN,2022-05-15 03:25:11,6m 12s,nPLjtZ1pDfX9mgzM,https://classic.warcraftlogs.com/reports/nPLjtZ1pDfX9mgzM?fight=1&source=11&type=healing,2109.22,77,77,669,603,7,1,2,1,1,2,10244.85,No,1,Yes,No,Ashtongue Talisman of Equilibrium,Alchemist Stone,49.99,179.41,8.51,1713.15,81.22,85.89,4.07,[0LB 5I 0RG],77.08,[0LB 4I 1RG],8.33,8.33,No
184,Mercychan,Benediction,US,2022-07-31 11:42:02,5m 26s,Q897wpqva243NFRJ,https://classic.warcraftlogs.com/reports/Q897wpqva243NFRJ?fight=21&source=15&type=healing,2108.08,201,201,621,664,7,1,2,1,0,3,8646.46,Yes,0,Yes,No,Essence of the Martyr,Direbrew Hops,99.83,1663.2,78.9,190.31,9.03,168.0,7.97,[1LB 4I 0RG],42.31,[1LB 3I 0RG],23.08,98.08,Yes
185,头丶硬邦邦,匕首岭,CN,2022-08-27 00:56:06,4m 35s,PTNZL7MVa32dfBwx,https://classic.warcraftlogs.com/reports/PTNZL7MVa32dfBwx?fight=6&source=23&type=healing,2107.27,0,0,0,0,6,1,1,0,1,3,8689.34,No,1,No,No,,,95.38,998.76,47.4,166.68,7.91,661.77,31.4,[0LB 4I 1RG],26.19,[0LB 3I 2RG],19.05,42.86,No
186,蛋炒饭好吃,狮心,CN,2022-08-05 07:24:52,4m 19s,VPgF1nyzpvXHR4mq,https://classic.warcraftlogs.com/reports/VPgF1nyzpvXHR4mq?fight=17&source=28&type=healing,2106.44,342,342,815,684,6,1,1,1,1,2,8329.68,Yes,1,No,Yes,Redeemer's Alchemist Stone,Darkmoon Card: Blue Dragon,93.97,682.65,32.41,194.36,9.23,1114.11,52.89,[0LB 4I 1RG],10.2,[1LB 0I 2RG],8.16,53.06,No
187,暴鲤龙,奥罗,CN,2022-06-10 09:54:16,5m 3s,NAXj1cftnCzwrPTk,https://classic.warcraftlogs.com/reports/NAXj1cftnCzwrPTk?fight=15&source=3&type=healing,2105.7,257,257,508,595,7,1,1,1,1,3,8962.41,No,2,No,Yes,Memento of Tyrande,Redeemer's Alchemist Stone,99.05,1219.68,57.92,112.25,5.33,571.74,27.15,[0LB 4I 1RG],31.82,[0LB 3I 2RG],18.18,27.27,No
188,告白气球,布鲁,CN,2022-08-29 06:16:53,4m 39s,1Fm9HYqVxfLBvGRJ,https://classic.warcraftlogs.com/reports/1Fm9HYqVxfLBvGRJ?fight=8&source=2&type=healing,2104.17,0,0,0,0,7,1,1,1,1,3,7545.82,Yes,2,No,Yes,,,84.48,334.39,15.89,143.87,6.84,1483.68,70.51,[1LB 2I 2RG],12.5,[0LB 2I 3RG],10.42,41.67,No
189,夏黙秋凉,德姆塞卡尔,CN,2022-06-20 08:10:46,4m 54s,KwQm1AjB4xTzRhDg,https://classic.warcraftlogs.com/reports/KwQm1AjB4xTzRhDg?fight=14&source=13&type=healing,2103.61,219,219,672,707,6,1,1,1,1,2,8433.5,Yes,1,Yes,Yes,Redeemer's Alchemist Stone,Direbrew Hops,75.59,415.43,19.75,264.9,12.59,1172.28,55.73,[0LB 3I 2RG],22.73,[0LB 1I 4RG],15.91,31.82,No
190,蒙牛喝不喝,灰烬使者,CN,2022-06-10 06:48:05,5m 38s,z7rc63aTJNqmF9HG,https://classic.warcraftlogs.com/reports/z7rc63aTJNqmF9HG?fight=23&source=5&type=healing,2103.33,172,172,666,622,7,1,2,2,0,2,8574.8,Yes,1,No,Yes,Essence of the Martyr,Redeemer's Alchemist Stone,86.96,662.92,31.52,282.75,13.44,922.79,43.87,[0LB 3I 2RG],14.0,[0LB 4I 1RG],12.0,36.0,No
191,不会变树,奥罗,CN,2022-06-24 09:05:11,5m 13s,ygzw2m1ArMLvYJdP,https://classic.warcraftlogs.com/reports/ygzw2m1ArMLvYJdP?fight=10&source=16&type=healing,2102.61,0,0,0,0,7,1,1,1,1,3,8423.78,No,2,Yes,Yes,,,96.82,975.65,46.4,139.9,6.65,761.53,36.22,[1LB 3I 0RG],17.31,[0LB 3I 2RG],15.38,42.31,No
192,本命菩提,震地者,CN,2022-08-27 00:29:32,4m 57s,MRqvCdrtxDhNWTZG,https://classic.warcraftlogs.com/reports/MRqvCdrtxDhNWTZG?fight=10&source=5&type=healing,2102.37,139,139,686,610,6,1,1,1,1,2,8671.11,No,2,No,No,Direbrew Hops,Redeemer's Alchemist Stone,38.43,191.8,9.12,165.89,7.89,1582.75,75.28,[0LB 2I 3RG],25.71,[0LB 0I 5RG],20.0,8.57,No
193,Spire,Amnennar,EU,2022-07-07 15:03:42,5m 47s,3AG6cdXK4Q9LaYtC,https://classic.warcraftlogs.com/reports/3AG6cdXK4Q9LaYtC?fight=25&source=4&type=healing,2102.04,186,186,621,592,7,2,1,1,0,3,9109.03,Yes,0,Yes,No,Essence of the Martyr,Redeemer's Alchemist Stone,97.81,1188.7,56.55,153.25,7.29,322.71,15.35,[1LB 3I 0RG],23.33,[1LB 4I 0RG],21.67,83.33,Yes
194,Kuzrakiihing,震地者,CN,2022-06-17 07:10:11,4m 13s,6WABmvFtQg2kLY8K,https://classic.warcraftlogs.com/reports/6WABmvFtQg2kLY8K?fight=15&source=4&type=healing,2101.35,156,156,910,653,6,1,1,0,1,3,8513.15,Yes,1,Yes,Yes,Redeemer's Alchemist Stone,Darkmoon Card: Blue Dragon,93.24,711.36,33.85,226.84,10.79,1003.91,47.77,[0LB 2I 3RG],37.84,[0LB 4I 1RG],24.32,13.51,No
195,冲锋的土豆,灵风,CN,2022-08-08 00:23:24,5m 52s,LBWC4mhw9ZXtTvx2,https://classic.warcraftlogs.com/reports/LBWC4mhw9ZXtTvx2?fight=18&source=25&type=healing,2101.02,281,281,851,673,6,1,1,0,1,3,9572.9,Yes,1,No,Yes,Darkmoon Card: Blue Dragon,Memento of Tyrande,67.26,358.92,17.08,310.98,14.8,1229.03,58.5,[0LB 3I 2RG],24.44,[0LB 2I 3RG],22.22,13.33,No
196,Kudryavka,Gehennas,EU,2022-07-14 13:57:21,5m 13s,MyaRm32QjdvC8LgT,https://classic.warcraftlogs.com/reports/MyaRm32QjdvC8LgT?fight=22&source=3&type=healing,2100.83,292,292,570,669,6,1,1,1,0,3,9889.34,No,0,Yes,No,Memento of Tyrande,Redeemer's Alchemist Stone,99.64,1560.12,74.26,207.75,9.89,161.78,7.7,[1LB 4I 0RG],34.48,[0LB 2I 0RG],17.24,70.69,Yes
197,Brysch,Firemaw,EU,2022-06-22 13:23:09,4m 20s,XWjRNx32HmdtgYaB,https://classic.warcraftlogs.com/reports/XWjRNx32HmdtgYaB?fight=31&source=12&type=healing,2100.37,0,0,0,0,6,1,1,0,1,3,8202.11,No,0,No,No,,,98.4,1353.88,64.46,238.73,11.37,282.0,13.43,[1LB 2I 0RG],22.22,[1LB 2I 1RG],22.22,86.67,Yes
198,Neilwow,秩序之源,CN,2022-07-21 07:07:11,4m 45s,b9pkfFLG7gyVvTnd,https://classic.warcraftlogs.com/reports/b9pkfFLG7gyVvTnd?fight=10&source=8&type=healing,2099.91,302,302,476,619,7,1,1,1,1,3,9023.36,Yes,1,Yes,Yes,Essence of the Martyr,Memento of Tyrande,95.46,716.31,34.11,252.72,12.03,850.3,40.49,[0LB 4I 1RG],12.5,[1LB 3I 1RG],10.42,45.83,No
